Fecha,Afluencia_Turistas,Evento_Importante,Condicion_Climatica,Festividad,Reservas_Alojamiento,Trafico_Transporte
2019-01-01,6459,0,Soleado,0,222,Bajo
2019-01-02,6815,0,Lluvioso,0,217,Bajo
2019-01-03,6660,0,Lluvioso,0,268,Alto
2019-01-04,5729,1,Soleado,0,209,Bajo
2019-01-05,5472,0,Soleado,0,243,Bajo
2019-01-06,5838,0,Nublado,0,242,Bajo
2019-01-07,6319,0,Nublado,0,250,Alto
2019-01-08,5990,0,Soleado,0,187,Medio
2019-01-09,6645,0,Soleado,0,206,Medio
2019-01-10,6121,1,Soleado,0,233,Bajo
2019-01-11,5307,0,Soleado,0,265,Alto
2019-01-12,6667,0,Soleado,0,248,Bajo
2019-01-13,6600,0,Soleado,0,205,Bajo
2019-01-14,6845,0,Nublado,0,225,Medio
2019-01-15,6509,0,Soleado,0,186,Alto
2019-01-16,6617,0,Soleado,0,214,Medio
2019-01-17,6329,0,Soleado,0,226,Alto
2019-01-18,5628,1,Nublado,0,211,Alto
2019-01-19,6294,0,Nublado,0,236,Bajo
2019-01-20,5503,0,Soleado,0,224,Bajo
2019-01-21,5698,0,Soleado,1,242,Bajo
2019-01-22,5629,0,Lluvioso,0,234,Alto
2019-01-23,6681,0,Soleado,0,228,Bajo
2019-01-24,4938,0,Soleado,0,198,Alto
2019-01-25,6795,0,Soleado,0,222,Bajo
2019-01-26,5447,0,Soleado,0,225,Bajo
2019-01-27,5808,0,Soleado,0,234,Bajo
2019-01-28,5528,1,Lluvioso,0,240,Bajo
2019-01-29,5826,0,Nublado,0,223,Alto
2019-01-30,6957,0,Soleado,0,214,Bajo
2019-01-31,5264,0,Lluvioso,0,229,Bajo
2019-02-01,5817,1,Soleado,0,225,Bajo
2019-02-02,5131,0,Soleado,0,270,Bajo
2019-02-03,5829,0,Soleado,0,183,Bajo
2019-02-04,6229,0,Nublado,0,239,Bajo
2019-02-05,6359,0,Soleado,0,243,Alto
2019-02-06,6478,0,Soleado,0,252,Bajo
2019-02-07,5687,0,Nublado,0,200,Bajo
2019-02-08,5531,0,Nublado,0,210,Medio
2019-02-09,5141,0,Nublado,1,196,Bajo
2019-02-10,6137,0,Soleado,0,200,Bajo
2019-02-11,6934,0,Soleado,0,225,Medio
2019-02-12,5301,0,Soleado,0,256,Bajo
2019-02-13,5781,0,Soleado,0,227,Medio
2019-02-14,5876,1,Lluvioso,0,244,Bajo
2019-02-15,6888,1,Soleado,0,214,Medio
2019-02-16,5381,1,Soleado,0,221,Alto
2019-02-17,6774,0,Nublado,0,244,Bajo
2019-02-18,5358,0,Soleado,0,219,Bajo
2019-02-19,6771,0,Soleado,0,207,Bajo
2019-02-20,6293,0,Nublado,0,214,Bajo
2019-02-21,6782,0,Nublado,0,200,Alto
2019-02-22,5265,0,Nublado,0,235,Medio
2019-02-23,6607,0,Soleado,0,251,Bajo
2019-02-24,6415,0,Soleado,0,244,Medio
2019-02-25,6534,0,Nublado,0,232,Bajo
2019-02-26,6961,1,Soleado,0,230,Medio
2019-02-27,6989,0,Soleado,0,221,Medio
2019-02-28,6936,0,Nublado,0,220,Medio
2019-03-01,6028,1,Soleado,1,218,Bajo
2019-03-02,5506,0,Nublado,0,210,Medio
2019-03-03,5685,0,Soleado,1,210,Bajo
2019-03-04,6646,0,Soleado,0,209,Medio
2019-03-05,4913,0,Soleado,0,207,Bajo
2019-03-06,6383,1,Nublado,0,229,Bajo
2019-03-07,5554,0,Soleado,0,252,Medio
2019-03-08,6783,0,Soleado,0,238,Alto
2019-03-09,5882,0,Nublado,0,228,Bajo
2019-03-10,6851,0,Nublado,0,222,Alto
2019-03-11,5634,1,Lluvioso,0,207,Medio
2019-03-12,6496,0,Soleado,0,207,Medio
2019-03-13,6921,0,Soleado,0,247,Alto
2019-03-14,5602,0,Lluvioso,0,210,Bajo
2019-03-15,6369,0,Nublado,0,222,Alto
2019-03-16,7024,1,Soleado,0,271,Bajo
2019-03-17,6988,0,Soleado,0,255,Bajo
2019-03-18,5192,0,Nublado,0,197,Medio
2019-03-19,6720,0,Soleado,0,222,Alto
2019-03-20,5653,0,Nublado,0,222,Alto
2019-03-21,5558,0,Soleado,0,230,Medio
2019-03-22,6627,1,Soleado,0,225,Medio
2019-03-23,6587,0,Nublado,0,189,Bajo
2019-03-24,6874,1,Soleado,0,199,Alto
2019-03-25,5299,0,Soleado,0,211,Bajo
2019-03-26,6885,0,Soleado,0,241,Medio
2019-03-27,5105,0,Soleado,0,239,Medio
2019-03-28,6560,0,Nublado,0,205,Medio
2019-03-29,6163,1,Nublado,0,207,Bajo
2019-03-30,5049,0,Nublado,1,200,Alto
2019-03-31,6893,0,Soleado,0,230,Medio
2019-04-01,5599,0,Soleado,0,228,Alto
2019-04-02,6958,0,Soleado,0,204,Bajo
2019-04-03,5882,0,Lluvioso,0,233,Medio
2019-04-04,6394,0,Nublado,0,233,Medio
2019-04-05,4971,0,Nublado,0,227,Medio
2019-04-06,5059,0,Soleado,0,206,Alto
2019-04-07,6167,0,Soleado,0,208,Bajo
2019-04-08,5835,0,Soleado,0,190,Bajo
2019-04-09,6646,0,Soleado,0,222,Bajo
2019-04-10,5232,0,Soleado,0,223,Bajo
2019-04-11,5253,1,Lluvioso,0,222,Alto
2019-04-12,6713,0,Soleado,0,221,Bajo
2019-04-13,5639,0,Soleado,0,232,Bajo
2019-04-14,6452,0,Soleado,0,236,Bajo
2019-04-15,6417,0,Lluvioso,0,199,Medio
2019-04-16,6344,0,Soleado,0,229,Bajo
2019-04-17,5197,0,Nublado,1,256,Bajo
2019-04-18,6601,0,Lluvioso,0,263,Bajo
2019-04-19,5359,0,Soleado,0,263,Bajo
2019-04-20,6019,0,Nublado,0,224,Alto
2019-04-21,6841,1,Soleado,0,236,Bajo
2019-04-22,6809,1,Soleado,0,236,Medio
2019-04-23,5155,0,Nublado,0,216,Alto
2019-04-24,6905,0,Nublado,0,242,Medio
2019-04-25,6166,1,Soleado,0,196,Alto
2019-04-26,5957,0,Soleado,0,211,Alto
2019-04-27,5754,1,Soleado,0,260,Bajo
2019-04-28,5260,0,Soleado,0,229,Medio
2019-04-29,5654,1,Soleado,0,210,Bajo
2019-04-30,6999,0,Soleado,1,237,Bajo
2019-05-01,5229,1,Soleado,0,231,Alto
2019-05-02,6565,0,Nublado,0,201,Medio
2019-05-03,6084,0,Soleado,0,217,Medio
2019-05-04,6515,1,Soleado,1,224,Medio
2019-05-05,5044,0,Soleado,0,202,Bajo
2019-05-06,5065,0,Nublado,0,248,Alto
2019-05-07,6752,0,Soleado,0,267,Bajo
2019-05-08,5950,0,Soleado,0,209,Bajo
2019-05-09,6784,1,Soleado,0,223,Alto
2019-05-10,6125,0,Nublado,0,223,Bajo
2019-05-11,5235,0,Soleado,0,206,Medio
2019-05-12,6834,0,Nublado,1,219,Medio
2019-05-13,6231,0,Lluvioso,0,232,Bajo
2019-05-14,6836,0,Nublado,0,235,Alto
2019-05-15,5923,0,Nublado,0,227,Medio
2019-05-16,6763,0,Soleado,1,248,Bajo
2019-05-17,5704,1,Soleado,0,183,Bajo
2019-05-18,6031,0,Lluvioso,0,205,Alto
2019-05-19,6861,0,Soleado,0,275,Bajo
2019-05-20,5308,1,Soleado,0,202,Alto
2019-05-21,6133,0,Nublado,0,219,Bajo
2019-05-22,5934,1,Soleado,0,207,Medio
2019-05-23,5120,0,Soleado,0,256,Alto
2019-05-24,6013,1,Soleado,0,220,Bajo
2019-05-25,5270,0,Soleado,0,279,Medio
2019-05-26,5296,1,Nublado,0,183,Medio
2019-05-27,5746,0,Soleado,0,234,Medio
2019-05-28,6572,0,Soleado,0,205,Medio
2019-05-29,5359,0,Soleado,0,247,Medio
2019-05-30,5758,0,Nublado,0,238,Medio
2019-05-31,6257,0,Nublado,0,234,Alto
2019-06-01,5412,0,Soleado,0,197,Medio
2019-06-02,6998,0,Nublado,0,241,Bajo
2019-06-03,6835,0,Soleado,0,247,Alto
2019-06-04,5534,0,Lluvioso,0,212,Bajo
2019-06-05,6209,0,Soleado,1,264,Bajo
2019-06-06,5387,0,Nublado,0,237,Bajo
2019-06-07,6538,0,Soleado,0,256,Bajo
2019-06-08,5951,0,Soleado,0,212,Bajo
2019-06-09,5541,0,Soleado,1,194,Bajo
2019-06-10,5319,0,Nublado,0,185,Bajo
2019-06-11,6187,0,Soleado,0,217,Medio
2019-06-12,6341,1,Lluvioso,0,249,Bajo
2019-06-13,5983,0,Soleado,0,217,Bajo
2019-06-14,6012,0,Soleado,0,237,Bajo
2019-06-15,6810,0,Soleado,0,256,Bajo
2019-06-16,5767,0,Nublado,0,214,Bajo
2019-06-17,6442,0,Soleado,0,247,Medio
2019-06-18,6915,0,Nublado,0,195,Alto
2019-06-19,6297,0,Lluvioso,0,238,Alto
2019-06-20,6574,0,Lluvioso,0,248,Alto
2019-06-21,6857,0,Soleado,0,214,Bajo
2019-06-22,6342,0,Nublado,0,255,Bajo
2019-06-23,5381,0,Nublado,0,263,Bajo
2019-06-24,6361,0,Soleado,0,231,Medio
2019-06-25,5052,1,Nublado,0,227,Bajo
2019-06-26,6872,0,Soleado,0,204,Medio
2019-06-27,6943,0,Soleado,1,231,Bajo
2019-06-28,5486,1,Soleado,0,265,Bajo
2019-06-29,5224,0,Soleado,0,166,Alto
2019-06-30,5427,0,Soleado,0,254,Medio
2019-07-01,5385,0,Soleado,0,240,Alto
2019-07-02,6297,1,Nublado,0,199,Medio
2019-07-03,6383,0,Soleado,0,214,Alto
2019-07-04,7009,0,Soleado,1,206,Medio
2019-07-05,6818,0,Soleado,0,241,Alto
2019-07-06,6542,1,Soleado,1,203,Bajo
2019-07-07,6881,0,Nublado,0,218,Medio
2019-07-08,6870,0,Soleado,0,212,Medio
2019-07-09,5565,1,Nublado,0,224,Bajo
2019-07-10,6986,0,Soleado,0,247,Alto
2019-07-11,6468,0,Nublado,0,221,Alto
2019-07-12,6523,0,Soleado,0,238,Bajo
2019-07-13,6487,0,Soleado,0,234,Bajo
2019-07-14,5019,1,Nublado,1,207,Bajo
2019-07-15,6819,0,Soleado,0,238,Alto
2019-07-16,5660,1,Nublado,0,247,Medio
2019-07-17,5704,0,Nublado,0,217,Bajo
2019-07-18,6811,0,Soleado,0,217,Medio
2019-07-19,6143,1,Soleado,0,230,Bajo
2019-07-20,5502,0,Soleado,0,223,Medio
2019-07-21,5433,0,Lluvioso,0,186,Bajo
2019-07-22,5308,0,Nublado,0,242,Bajo
2019-07-23,6544,1,Soleado,0,210,Medio
2019-07-24,6981,0,Soleado,0,220,Bajo
2019-07-25,4987,0,Soleado,0,226,Bajo
2019-07-26,6679,0,Nublado,0,240,Bajo
2019-07-27,5250,0,Soleado,0,214,Bajo
2019-07-28,6115,0,Soleado,0,215,Bajo
2019-07-29,6333,0,Nublado,0,229,Alto
2019-07-30,5295,0,Soleado,0,233,Alto
2019-07-31,4959,0,Soleado,0,213,Alto
2019-08-01,5358,0,Lluvioso,0,231,Alto
2019-08-02,6674,1,Nublado,0,248,Bajo
2019-08-03,5563,0,Soleado,1,241,Bajo
2019-08-04,6331,1,Soleado,0,227,Bajo
2019-08-05,6499,0,Soleado,0,217,Alto
2019-08-06,6352,0,Soleado,0,235,Medio
2019-08-07,5588,1,Nublado,0,210,Bajo
2019-08-08,5813,0,Soleado,0,226,Bajo
2019-08-09,6655,0,Nublado,0,247,Medio
2019-08-10,6393,1,Lluvioso,0,221,Medio
2019-08-11,5721,0,Soleado,0,214,Alto
2019-08-12,5385,0,Soleado,0,233,Bajo
2019-08-13,5391,0,Soleado,0,240,Alto
2019-08-14,5520,0,Lluvioso,0,214,Bajo
2019-08-15,6003,0,Nublado,0,234,Medio
2019-08-16,6067,0,Soleado,0,195,Alto
2019-08-17,6733,0,Nublado,1,181,Alto
2019-08-18,6431,0,Soleado,0,208,Bajo
2019-08-19,5888,0,Lluvioso,0,234,Bajo
2019-08-20,6087,0,Soleado,0,227,Bajo
2019-08-21,5785,0,Soleado,1,221,Bajo
2019-08-22,5337,0,Nublado,0,222,Medio
2019-08-23,6580,0,Soleado,0,246,Alto
2019-08-24,5892,0,Soleado,0,180,Bajo
2019-08-25,5257,0,Soleado,0,203,Bajo
2019-08-26,5327,0,Soleado,0,200,Bajo
2019-08-27,6005,1,Soleado,0,232,Alto
2019-08-28,5630,0,Lluvioso,0,233,Alto
2019-08-29,6742,0,Soleado,0,224,Bajo
2019-08-30,6415,0,Soleado,0,229,Bajo
2019-08-31,5609,0,Nublado,0,229,Medio
2019-09-01,6119,1,Soleado,0,227,Medio
2019-09-02,5663,1,Soleado,0,212,Bajo
2019-09-03,4993,0,Nublado,0,259,Alto
2019-09-04,5619,0,Nublado,0,227,Alto
2019-09-05,6232,1,Nublado,0,208,Medio
2019-09-06,5944,1,Nublado,0,218,Medio
2019-09-07,5384,0,Soleado,0,233,Bajo
2019-09-08,5491,0,Lluvioso,0,204,Medio
2019-09-09,5413,0,Soleado,0,218,Bajo
2019-09-10,6494,1,Nublado,0,216,Bajo
2019-09-11,6131,0,Soleado,0,262,Bajo
2019-09-12,5680,0,Lluvioso,0,219,Bajo
2019-09-13,6304,0,Nublado,0,228,Bajo
2019-09-14,5173,0,Nublado,0,236,Medio
2019-09-15,5428,0,Soleado,0,245,Medio
2019-09-16,5347,1,Soleado,0,225,Medio
2019-09-17,6247,0,Nublado,0,243,Bajo
2019-09-18,6045,0,Nublado,0,211,Bajo
2019-09-19,5217,0,Soleado,0,235,Alto
2019-09-20,6539,0,Lluvioso,0,210,Bajo
2019-09-21,6635,0,Nublado,0,255,Alto
2019-09-22,6159,0,Soleado,0,216,Bajo
2019-09-23,6941,0,Nublado,0,248,Medio
2019-09-24,6673,0,Soleado,0,228,Bajo
2019-09-25,5982,0,Soleado,0,193,Medio
2019-09-26,6216,0,Soleado,0,206,Alto
2019-09-27,5321,1,Soleado,0,240,Alto
2019-09-28,5454,1,Nublado,0,207,Alto
2019-09-29,6509,0,Soleado,0,218,Bajo
2019-09-30,5392,0,Nublado,1,249,Medio
2019-10-01,6416,1,Nublado,0,252,Bajo
2019-10-02,5386,0,Nublado,0,198,Medio
2019-10-03,6280,1,Soleado,0,237,Bajo
2019-10-04,5677,1,Nublado,0,222,Alto
2019-10-05,5723,0,Soleado,0,201,Alto
2019-10-06,5691,0,Soleado,0,214,Bajo
2019-10-07,5576,1,Soleado,0,226,Bajo
2019-10-08,6655,0,Soleado,0,251,Bajo
2019-10-09,5965,0,Nublado,0,257,Medio
2019-10-10,6197,0,Soleado,1,230,Bajo
2019-10-11,5883,0,Nublado,0,226,Alto
2019-10-12,6569,0,Soleado,1,190,Medio
2019-10-13,5933,0,Soleado,1,192,Medio
2019-10-14,5537,1,Lluvioso,0,216,Medio
2019-10-15,5371,0,Nublado,0,189,Bajo
2019-10-16,5430,0,Soleado,0,210,Alto
2019-10-17,5654,0,Soleado,0,233,Medio
2019-10-18,6161,0,Soleado,0,234,Alto
2019-10-19,6518,0,Soleado,0,208,Medio
2019-10-20,4970,1,Nublado,0,222,Medio
2019-10-21,5549,1,Nublado,0,227,Bajo
2019-10-22,6125,0,Soleado,0,209,Medio
2019-10-23,5587,0,Lluvioso,0,210,Medio
2019-10-24,5202,0,Soleado,0,230,Medio
2019-10-25,5349,0,Soleado,0,197,Medio
2019-10-26,6506,0,Soleado,0,244,Bajo
2019-10-27,6789,0,Nublado,0,219,Alto
2019-10-28,5820,1,Soleado,0,211,Alto
2019-10-29,5246,0,Soleado,0,209,Bajo
2019-10-30,6887,0,Soleado,0,245,Alto
2019-10-31,5761,0,Soleado,0,196,Bajo
2019-11-01,6624,0,Nublado,0,190,Medio
2019-11-02,6797,0,Soleado,0,205,Bajo
2019-11-03,6253,0,Soleado,0,236,Alto
2019-11-04,6623,0,Nublado,0,200,Bajo
2019-11-05,6863,0,Lluvioso,0,228,Bajo
2019-11-06,5345,0,Lluvioso,0,221,Bajo
2019-11-07,6587,0,Soleado,0,228,Bajo
2019-11-08,6320,0,Soleado,0,197,Medio
2019-11-09,5372,0,Soleado,0,224,Bajo
2019-11-10,6451,1,Soleado,1,241,Medio
2019-11-11,5439,0,Lluvioso,0,213,Alto
2019-11-12,6311,0,Soleado,0,226,Alto
2019-11-13,5480,0,Soleado,0,213,Alto
2019-11-14,6820,0,Soleado,0,251,Bajo
2019-11-15,6181,0,Soleado,0,237,Bajo
2019-11-16,6032,0,Nublado,0,245,Medio
2019-11-17,5247,0,Soleado,0,220,Bajo
2019-11-18,5413,0,Soleado,0,214,Alto
2019-11-19,6605,1,Soleado,0,195,Bajo
2019-11-20,6516,0,Soleado,0,240,Alto
2019-11-21,5279,1,Soleado,0,226,Bajo
2019-11-22,6052,0,Nublado,0,204,Alto
2019-11-23,6869,0,Soleado,0,258,Bajo
2019-11-24,6088,1,Nublado,1,246,Bajo
2019-11-25,6424,0,Lluvioso,0,270,Medio
2019-11-26,6691,0,Lluvioso,0,238,Bajo
2019-11-27,5644,0,Lluvioso,0,208,Medio
2019-11-28,6610,0,Soleado,0,206,Medio
2019-11-29,6247,0,Soleado,0,170,Bajo
2019-11-30,6283,0,Soleado,1,220,Alto
2019-12-01,6056,1,Nublado,0,209,Bajo
2019-12-02,5006,0,Lluvioso,0,233,Medio
2019-12-03,5174,1,Nublado,0,234,Medio
2019-12-04,5287,1,Soleado,0,276,Medio
2019-12-05,6768,0,Lluvioso,0,229,Bajo
2019-12-06,6599,0,Soleado,0,198,Bajo
2019-12-07,6153,1,Soleado,1,199,Medio
2019-12-08,5639,1,Soleado,0,268,Bajo
2019-12-09,5181,0,Soleado,0,250,Bajo
2019-12-10,6495,0,Soleado,0,210,Medio
2019-12-11,5244,0,Soleado,0,232,Medio
2019-12-12,5174,0,Soleado,1,195,Bajo
2019-12-13,5383,0,Nublado,0,255,Bajo
2019-12-14,5575,0,Nublado,0,225,Bajo
2019-12-15,6922,0,Nublado,0,249,Bajo
2019-12-16,5641,0,Soleado,0,241,Bajo
2019-12-17,6128,0,Nublado,0,232,Bajo
2019-12-18,6757,0,Lluvioso,0,227,Alto
2019-12-19,5525,0,Soleado,0,228,Medio
2019-12-20,5571,0,Soleado,0,229,Bajo
2019-12-21,5973,0,Soleado,0,233,Bajo
2019-12-22,6827,0,Soleado,0,219,Medio
2019-12-23,6705,0,Nublado,0,240,Bajo
2019-12-24,5445,1,Nublado,0,252,Medio
2019-12-25,5086,0,Soleado,0,206,Alto
2019-12-26,6090,0,Nublado,0,216,Medio
2019-12-27,6944,0,Nublado,0,219,Bajo
2019-12-28,5574,1,Lluvioso,0,223,Medio
2019-12-29,6840,0,Soleado,0,183,Alto
2019-12-30,6320,0,Lluvioso,0,243,Medio
2019-12-31,6478,0,Soleado,0,258,Medio
2020-01-01,6784,0,Soleado,0,222,Bajo
2020-01-02,7078,0,Soleado,0,197,Bajo
2020-01-03,5048,0,Soleado,0,228,Medio
2020-01-04,6909,0,Nublado,0,204,Alto
2020-01-05,6135,0,Soleado,0,263,Medio
2020-01-06,6547,0,Soleado,0,236,Medio
2020-01-07,6518,0,Soleado,0,230,Bajo
2020-01-08,5797,1,Nublado,1,218,Bajo
2020-01-09,5088,0,Soleado,0,220,Medio
2020-01-10,6459,1,Nublado,0,221,Bajo
2020-01-11,5964,0,Soleado,0,204,Medio
2020-01-12,6274,0,Soleado,0,193,Bajo
2020-01-13,5384,0,Soleado,0,245,Medio
2020-01-14,5761,1,Soleado,0,240,Alto
2020-01-15,6756,0,Soleado,0,254,Bajo
2020-01-16,6593,0,Soleado,0,224,Bajo
2020-01-17,6229,0,Lluvioso,0,228,Medio
2020-01-18,5687,0,Nublado,0,219,Alto
2020-01-19,6792,0,Soleado,1,253,Medio
2020-01-20,6171,0,Soleado,0,212,Bajo
2020-01-21,5162,0,Nublado,0,237,Bajo
2020-01-22,5816,0,Soleado,0,215,Bajo
2020-01-23,6791,0,Soleado,0,183,Bajo
2020-01-24,6545,0,Nublado,0,207,Alto
2020-01-25,6865,0,Nublado,0,234,Alto
2020-01-26,5106,0,Soleado,0,244,Bajo
2020-01-27,6900,0,Soleado,0,232,Bajo
2020-01-28,5257,0,Soleado,0,256,Bajo
2020-01-29,5330,1,Nublado,0,236,Alto
2020-01-30,6106,1,Soleado,0,222,Medio
2020-01-31,6724,1,Soleado,1,201,Medio
2020-02-01,6770,0,Soleado,0,227,Bajo
2020-02-02,6781,0,Soleado,0,235,Medio
2020-02-03,5378,0,Lluvioso,0,255,Bajo
2020-02-04,6501,0,Nublado,0,233,Bajo
2020-02-05,6300,0,Nublado,0,210,Medio
2020-02-06,7056,0,Soleado,0,212,Medio
2020-02-07,5348,1,Soleado,1,252,Bajo
2020-02-08,6929,1,Soleado,1,187,Bajo
2020-02-09,6657,0,Soleado,0,223,Bajo
2020-02-10,5289,0,Lluvioso,0,240,Bajo
2020-02-11,6470,0,Soleado,0,209,Medio
2020-02-12,5482,0,Soleado,0,205,Alto
2020-02-13,5842,0,Soleado,0,211,Bajo
2020-02-14,5752,0,Nublado,0,230,Bajo
2020-02-15,6154,0,Soleado,1,219,Bajo
2020-02-16,5791,0,Soleado,0,189,Medio
2020-02-17,6214,0,Soleado,0,244,Bajo
2020-02-18,5624,0,Nublado,0,209,Medio
2020-02-19,4946,0,Soleado,1,206,Bajo
2020-02-20,6457,1,Lluvioso,0,239,Medio
2020-02-21,6199,0,Nublado,0,234,Alto
2020-02-22,5304,0,Soleado,0,207,Alto
2020-02-23,5014,0,Nublado,0,219,Alto
2020-02-24,6394,0,Soleado,0,259,Medio
2020-02-25,6003,1,Lluvioso,0,239,Alto
2020-02-26,5548,0,Soleado,0,244,Bajo
2020-02-27,6221,0,Soleado,0,224,Bajo
2020-02-28,6142,0,Soleado,0,201,Bajo
2020-02-29,6639,1,Soleado,0,232,Medio
2020-03-01,6805,0,Lluvioso,0,252,Alto
2020-03-02,5142,0,Soleado,0,248,Bajo
2020-03-03,6852,0,Nublado,1,248,Medio
2020-03-04,6830,0,Soleado,0,223,Medio
2020-03-05,6750,0,Lluvioso,0,217,Alto
2020-03-06,6474,0,Soleado,0,243,Medio
2020-03-07,5168,0,Soleado,0,212,Alto
2020-03-08,5286,1,Soleado,0,226,Bajo
2020-03-09,5130,0,Nublado,0,213,Bajo
2020-03-10,6626,0,Soleado,0,226,Medio
2020-03-11,5551,0,Soleado,0,203,Bajo
2020-03-12,5425,0,Soleado,0,226,Bajo
2020-03-13,5881,0,Nublado,0,243,Medio
2020-03-14,5521,0,Soleado,0,274,Medio
2020-03-15,6754,0,Soleado,0,225,Medio
2020-03-16,5455,0,Soleado,0,227,Bajo
2020-03-17,6422,0,Nublado,1,231,Medio
2020-03-18,5876,0,Lluvioso,0,246,Bajo
2020-03-19,5239,0,Soleado,0,220,Bajo
2020-03-20,6504,0,Soleado,0,222,Medio
2020-03-21,6194,0,Soleado,1,202,Bajo
2020-03-22,5520,1,Soleado,0,210,Bajo
2020-03-23,6616,1,Soleado,0,236,Medio
2020-03-24,6441,0,Nublado,0,211,Bajo
2020-03-25,6236,0,Soleado,1,217,Alto
2020-03-26,6771,0,Lluvioso,0,213,Medio
2020-03-27,5764,1,Soleado,0,256,Alto
2020-03-28,6773,0,Nublado,0,213,Bajo
2020-03-29,6853,0,Soleado,0,233,Medio
2020-03-30,5932,0,Soleado,0,225,Bajo
2020-03-31,5084,1,Soleado,0,262,Alto
2020-04-01,7001,0,Soleado,0,201,Bajo
2020-04-02,6352,0,Soleado,0,228,Bajo
2020-04-03,6454,0,Nublado,0,209,Alto
2020-04-04,5871,0,Lluvioso,0,252,Bajo
2020-04-05,5489,0,Soleado,0,248,Bajo
2020-04-06,5086,0,Soleado,0,225,Bajo
2020-04-07,5970,0,Soleado,0,180,Medio
2020-04-08,5092,0,Soleado,0,231,Bajo
2020-04-09,6525,0,Soleado,0,240,Bajo
2020-04-10,6362,0,Nublado,0,212,Bajo
2020-04-11,5592,0,Lluvioso,0,254,Medio
2020-04-12,6274,0,Lluvioso,0,201,Medio
2020-04-13,5410,0,Soleado,0,214,Bajo
2020-04-14,6348,0,Nublado,0,253,Bajo
2020-04-15,6233,0,Nublado,0,221,Bajo
2020-04-16,6073,0,Soleado,0,211,Bajo
2020-04-17,6054,1,Soleado,0,233,Bajo
2020-04-18,5542,0,Nublado,1,196,Bajo
2020-04-19,5269,0,Soleado,0,194,Medio
2020-04-20,5361,0,Soleado,1,228,Alto
2020-04-21,5115,0,Soleado,0,211,Bajo
2020-04-22,6861,1,Soleado,1,266,Medio
2020-04-23,6775,1,Soleado,0,207,Medio
2020-04-24,5694,0,Lluvioso,0,208,Medio
2020-04-25,5429,0,Nublado,0,200,Alto
2020-04-26,5597,0,Nublado,0,256,Bajo
2020-04-27,6231,0,Soleado,1,227,Bajo
2020-04-28,6817,0,Nublado,0,261,Medio
2020-04-29,6058,0,Soleado,0,216,Bajo
2020-04-30,6243,0,Soleado,1,241,Bajo
2020-05-01,6168,0,Soleado,0,208,Bajo
2020-05-02,6620,1,Soleado,0,241,Bajo
2020-05-03,5096,0,Soleado,0,212,Medio
2020-05-04,6883,1,Soleado,1,192,Bajo
2020-05-05,5217,0,Soleado,0,200,Bajo
2020-05-06,6330,0,Soleado,0,195,Bajo
2020-05-07,6063,0,Lluvioso,0,174,Bajo
2020-05-08,5205,0,Soleado,0,220,Alto
2020-05-09,5052,0,Nublado,0,232,Bajo
2020-05-10,5922,0,Soleado,1,211,Alto
2020-05-11,6633,1,Soleado,1,235,Medio
2020-05-12,5300,0,Lluvioso,0,207,Medio
2020-05-13,6485,0,Soleado,0,228,Bajo
2020-05-14,6763,1,Soleado,0,220,Bajo
2020-05-15,6497,0,Nublado,0,205,Alto
2020-05-16,5196,0,Soleado,0,185,Alto
2020-05-17,6495,0,Nublado,1,223,Bajo
2020-05-18,5041,1,Soleado,0,245,Bajo
2020-05-19,5289,1,Soleado,0,216,Bajo
2020-05-20,6434,1,Soleado,0,209,Alto
2020-05-21,6323,0,Soleado,0,239,Bajo
2020-05-22,6720,1,Nublado,0,219,Medio
2020-05-23,6701,0,Nublado,0,225,Medio
2020-05-24,5871,0,Soleado,0,222,Medio
2020-05-25,6469,0,Soleado,1,196,Medio
2020-05-26,5329,0,Nublado,0,201,Bajo
2020-05-27,5038,1,Soleado,0,249,Alto
2020-05-28,6395,1,Soleado,0,204,Medio
2020-05-29,6549,0,Soleado,0,210,Medio
2020-05-30,6779,0,Soleado,0,226,Bajo
2020-05-31,6882,0,Nublado,0,210,Medio
2020-06-01,6544,1,Lluvioso,1,262,Bajo
2020-06-02,6285,0,Soleado,0,217,Bajo
2020-06-03,6908,0,Soleado,0,200,Medio
2020-06-04,5894,0,Soleado,0,213,Medio
2020-06-05,5285,0,Soleado,0,224,Medio
2020-06-06,5856,0,Soleado,0,214,Bajo
2020-06-07,6868,1,Nublado,0,223,Medio
2020-06-08,5226,0,Soleado,0,220,Bajo
2020-06-09,5131,0,Soleado,0,201,Medio
2020-06-10,6002,0,Soleado,0,221,Bajo
2020-06-11,6435,0,Soleado,0,245,Medio
2020-06-12,5969,1,Soleado,0,232,Alto
2020-06-13,6593,0,Nublado,0,222,Bajo
2020-06-14,6093,0,Soleado,1,212,Bajo
2020-06-15,6196,0,Nublado,0,232,Medio
2020-06-16,6740,0,Soleado,0,211,Medio
2020-06-17,6855,0,Soleado,0,261,Medio
2020-06-18,6803,0,Soleado,0,218,Medio
2020-06-19,5636,0,Soleado,0,220,Bajo
2020-06-20,6442,0,Soleado,0,227,Bajo
2020-06-21,6403,0,Soleado,0,199,Bajo
2020-06-22,6373,0,Nublado,0,261,Bajo
2020-06-23,6553,0,Nublado,0,258,Medio
2020-06-24,6329,0,Soleado,0,213,Bajo
2020-06-25,5269,1,Soleado,0,205,Alto
2020-06-26,6138,1,Soleado,0,214,Alto
2020-06-27,6234,0,Soleado,0,235,Alto
2020-06-28,6604,0,Soleado,0,228,Alto
2020-06-29,5232,0,Nublado,0,198,Bajo
2020-06-30,5202,0,Soleado,0,239,Alto
2020-07-01,5133,1,Soleado,0,225,Bajo
2020-07-02,6030,0,Soleado,0,214,Bajo
2020-07-03,5400,0,Soleado,0,232,Medio
2020-07-04,5593,1,Nublado,0,238,Bajo
2020-07-05,5431,1,Soleado,0,220,Alto
2020-07-06,6051,0,Soleado,0,229,Medio
2020-07-07,5791,0,Nublado,0,225,Medio
2020-07-08,6292,0,Soleado,0,219,Bajo
2020-07-09,6034,0,Nublado,0,193,Medio
2020-07-10,5383,1,Soleado,0,189,Bajo
2020-07-11,5917,1,Soleado,0,216,Alto
2020-07-12,5817,0,Nublado,0,177,Bajo
2020-07-13,6565,0,Soleado,0,212,Medio
2020-07-14,7011,1,Soleado,0,203,Bajo
2020-07-15,6779,0,Soleado,0,241,Bajo
2020-07-16,6339,0,Soleado,0,255,Bajo
2020-07-17,6302,0,Nublado,0,259,Bajo
2020-07-18,5584,0,Nublado,0,222,Medio
2020-07-19,5441,0,Lluvioso,0,237,Bajo
2020-07-20,6359,0,Nublado,1,205,Bajo
2020-07-21,6655,0,Soleado,0,209,Medio
2020-07-22,6588,0,Soleado,0,200,Bajo
2020-07-23,4990,0,Soleado,0,229,Bajo
2020-07-24,6185,0,Soleado,0,205,Alto
2020-07-25,5894,0,Soleado,0,205,Bajo
2020-07-26,5333,1,Lluvioso,0,242,Bajo
2020-07-27,5727,0,Soleado,0,257,Bajo
2020-07-28,6098,0,Soleado,0,239,Bajo
2020-07-29,6983,0,Soleado,0,224,Medio
2020-07-30,5817,1,Nublado,0,213,Bajo
2020-07-31,6273,0,Nublado,0,238,Medio
2020-08-01,5119,0,Nublado,0,246,Bajo
2020-08-02,6946,0,Soleado,1,239,Bajo
2020-08-03,5514,0,Nublado,1,215,Bajo
2020-08-04,5527,0,Soleado,0,219,Medio
2020-08-05,5983,0,Nublado,0,250,Alto
2020-08-06,6070,0,Soleado,1,226,Medio
2020-08-07,6005,0,Soleado,0,235,Alto
2020-08-08,6732,0,Soleado,0,234,Bajo
2020-08-09,6553,0,Nublado,0,228,Bajo
2020-08-10,6790,0,Soleado,0,188,Bajo
2020-08-11,6138,0,Nublado,0,218,Bajo
2020-08-12,5124,0,Soleado,0,198,Bajo
2020-08-13,5986,0,Soleado,0,210,Bajo
2020-08-14,6329,0,Soleado,0,227,Bajo
2020-08-15,5645,1,Soleado,0,193,Bajo
2020-08-16,5702,1,Soleado,0,202,Bajo
2020-08-17,6153,0,Soleado,0,245,Bajo
2020-08-18,5398,0,Nublado,0,218,Alto
2020-08-19,5606,0,Soleado,0,211,Bajo
2020-08-20,6496,1,Lluvioso,0,257,Medio
2020-08-21,6678,0,Soleado,0,227,Medio
2020-08-22,5317,0,Nublado,0,273,Bajo
2020-08-23,5649,0,Soleado,0,220,Bajo
2020-08-24,5551,0,Soleado,0,264,Bajo
2020-08-25,5909,1,Soleado,0,223,Medio
2020-08-26,5807,0,Soleado,0,253,Bajo
2020-08-27,5757,0,Nublado,0,229,Bajo
2020-08-28,6746,1,Soleado,0,231,Bajo
2020-08-29,6406,0,Soleado,0,215,Alto
2020-08-30,6448,0,Nublado,0,206,Bajo
2020-08-31,6264,0,Soleado,0,227,Medio
2020-09-01,6859,1,Nublado,0,220,Bajo
2020-09-02,5099,0,Soleado,1,223,Alto
2020-09-03,5360,0,Nublado,0,190,Medio
2020-09-04,6789,0,Soleado,0,222,Bajo
2020-09-05,6964,0,Soleado,0,232,Alto
2020-09-06,6996,0,Soleado,0,234,Medio
2020-09-07,5632,0,Lluvioso,0,208,Bajo
2020-09-08,6263,0,Soleado,0,212,Bajo
2020-09-09,5920,1,Soleado,0,212,Medio
2020-09-10,6377,0,Nublado,0,248,Alto
2020-09-11,5880,0,Lluvioso,0,250,Medio
2020-09-12,5653,0,Nublado,0,199,Medio
2020-09-13,5072,0,Lluvioso,0,191,Medio
2020-09-14,6177,1,Soleado,1,205,Bajo
2020-09-15,6191,0,Soleado,0,185,Medio
2020-09-16,6058,0,Nublado,0,231,Bajo
2020-09-17,5321,0,Nublado,0,242,Alto
2020-09-18,6594,0,Soleado,0,228,Medio
2020-09-19,6566,0,Soleado,0,217,Medio
2020-09-20,5348,0,Nublado,0,208,Bajo
2020-09-21,6542,0,Soleado,0,214,Bajo
2020-09-22,6282,0,Soleado,1,225,Bajo
2020-09-23,5631,0,Soleado,0,262,Medio
2020-09-24,5444,0,Soleado,0,261,Medio
2020-09-25,6867,1,Nublado,0,235,Bajo
2020-09-26,6752,0,Soleado,0,232,Medio
2020-09-27,6405,0,Nublado,0,217,Alto
2020-09-28,5956,0,Soleado,0,226,Bajo
2020-09-29,5287,0,Soleado,0,218,Bajo
2020-09-30,5558,0,Nublado,0,222,Medio
2020-10-01,5619,1,Soleado,0,228,Medio
2020-10-02,5552,0,Soleado,0,272,Medio
2020-10-03,5513,1,Soleado,0,225,Medio
2020-10-04,5407,0,Soleado,0,227,Alto
2020-10-05,5753,0,Soleado,0,188,Bajo
2020-10-06,6647,1,Nublado,0,226,Bajo
2020-10-07,5911,0,Nublado,0,244,Bajo
2020-10-08,5244,1,Nublado,0,222,Bajo
2020-10-09,6426,0,Soleado,0,222,Bajo
2020-10-10,5192,1,Soleado,0,238,Bajo
2020-10-11,5061,0,Soleado,0,246,Alto
2020-10-12,5736,0,Soleado,0,224,Alto
2020-10-13,6707,0,Soleado,0,219,Bajo
2020-10-14,5105,0,Soleado,0,204,Medio
2020-10-15,6968,0,Lluvioso,0,234,Medio
2020-10-16,6488,0,Soleado,0,233,Alto
2020-10-17,5068,0,Soleado,0,260,Medio
2020-10-18,6645,0,Nublado,0,240,Bajo
2020-10-19,5678,0,Soleado,0,203,Medio
2020-10-20,5648,0,Nublado,0,243,Medio
2020-10-21,5134,0,Nublado,0,202,Medio
2020-10-22,6538,0,Lluvioso,0,221,Alto
2020-10-23,5870,0,Soleado,0,212,Alto
2020-10-24,6928,0,Nublado,0,258,Medio
2020-10-25,5863,0,Soleado,0,198,Medio
2020-10-26,6345,1,Nublado,0,237,Alto
2020-10-27,6178,1,Soleado,0,270,Bajo
2020-10-28,6567,0,Soleado,0,236,Bajo
2020-10-29,5558,0,Soleado,0,210,Bajo
2020-10-30,6642,0,Soleado,0,199,Alto
2020-10-31,6924,0,Nublado,0,204,Medio
2020-11-01,6469,0,Nublado,0,252,Bajo
2020-11-02,6175,0,Nublado,1,193,Alto
2020-11-03,6867,0,Soleado,0,212,Medio
2020-11-04,5356,0,Nublado,0,235,Alto
2020-11-05,5627,0,Soleado,0,240,Bajo
2020-11-06,5987,1,Nublado,1,193,Medio
2020-11-07,7045,0,Lluvioso,1,220,Medio
2020-11-08,5885,1,Soleado,0,211,Medio
2020-11-09,5880,1,Nublado,0,200,Medio
2020-11-10,6511,0,Soleado,0,257,Alto
2020-11-11,6191,0,Soleado,0,200,Bajo
2020-11-12,6876,0,Soleado,0,238,Alto
2020-11-13,6388,1,Soleado,0,233,Bajo
2020-11-14,5753,1,Nublado,0,232,Bajo
2020-11-15,5469,0,Soleado,0,211,Bajo
2020-11-16,5706,0,Soleado,0,213,Bajo
2020-11-17,6175,0,Soleado,0,223,Bajo
2020-11-18,6123,0,Nublado,0,257,Alto
2020-11-19,6392,0,Lluvioso,0,221,Medio
2020-11-20,5361,1,Nublado,0,211,Bajo
2020-11-21,5288,0,Nublado,0,213,Medio
2020-11-22,5664,0,Soleado,0,248,Bajo
2020-11-23,6411,0,Soleado,0,230,Bajo
2020-11-24,5634,0,Soleado,0,196,Medio
2020-11-25,5152,0,Soleado,0,212,Medio
2020-11-26,5155,0,Nublado,0,194,Medio
2020-11-27,6800,1,Soleado,0,242,Bajo
2020-11-28,6705,1,Nublado,0,224,Medio
2020-11-29,5462,0,Soleado,0,237,Medio
2020-11-30,6053,1,Soleado,0,154,Alto
2020-12-01,5163,0,Soleado,0,183,Bajo
2020-12-02,4977,0,Nublado,0,217,Medio
2020-12-03,6778,0,Nublado,0,211,Medio
2020-12-04,6708,0,Nublado,0,214,Alto
2020-12-05,6206,1,Soleado,0,216,Bajo
2020-12-06,5307,0,Lluvioso,1,241,Medio
2020-12-07,6694,0,Soleado,0,226,Bajo
2020-12-08,5093,0,Soleado,0,195,Medio
2020-12-09,6793,0,Lluvioso,0,247,Bajo
2020-12-10,5553,0,Soleado,1,225,Bajo
2020-12-11,6560,0,Nublado,0,238,Medio
2020-12-12,6315,0,Soleado,0,242,Bajo
2020-12-13,5082,0,Soleado,0,221,Bajo
2020-12-14,5970,1,Lluvioso,0,197,Bajo
2020-12-15,7113,0,Soleado,0,205,Bajo
2020-12-16,6540,0,Nublado,0,223,Alto
2020-12-17,5065,0,Soleado,0,247,Medio
2020-12-18,6525,0,Nublado,0,242,Alto
2020-12-19,5181,0,Soleado,0,234,Bajo
2020-12-20,5040,0,Soleado,0,257,Alto
2020-12-21,6416,1,Soleado,0,227,Bajo
2020-12-22,5051,0,Soleado,0,226,Medio
2020-12-23,5969,1,Lluvioso,0,231,Bajo
2020-12-24,5433,1,Soleado,0,200,Medio
2020-12-25,5912,0,Soleado,0,202,Medio
2020-12-26,6943,0,Soleado,0,175,Bajo
2020-12-27,6118,0,Soleado,0,245,Bajo
2020-12-28,6798,1,Nublado,0,218,Medio
2020-12-29,5735,1,Lluvioso,0,216,Bajo
2020-12-30,6167,0,Soleado,0,234,Bajo
2020-12-31,5861,0,Nublado,0,210,Bajo
2021-01-01,6590,0,Soleado,1,189,Medio
2021-01-02,6787,1,Soleado,0,223,Alto
2021-01-03,6303,1,Nublado,0,211,Bajo
2021-01-04,6216,0,Soleado,0,226,Bajo
2021-01-05,6716,0,Nublado,0,208,Alto
2021-01-06,6463,0,Nublado,0,211,Medio
2021-01-07,5269,0,Soleado,0,210,Bajo
2021-01-08,7004,1,Lluvioso,0,229,Alto
2021-01-09,6189,0,Nublado,0,214,Bajo
2021-01-10,6886,0,Soleado,0,186,Bajo
2021-01-11,5865,0,Nublado,0,184,Alto
2021-01-12,5304,1,Soleado,0,226,Alto
2021-01-13,6760,0,Lluvioso,0,255,Bajo
2021-01-14,6087,0,Nublado,0,221,Bajo
2021-01-15,5725,0,Soleado,0,206,Bajo
2021-01-16,4917,1,Soleado,0,209,Bajo
2021-01-17,5214,1,Nublado,0,217,Bajo
2021-01-18,5281,0,Soleado,0,237,Bajo
2021-01-19,6881,0,Soleado,0,186,Alto
2021-01-20,5466,0,Soleado,1,215,Alto
2021-01-21,6189,0,Soleado,1,244,Medio
2021-01-22,5561,0,Soleado,1,239,Medio
2021-01-23,6465,1,Soleado,0,214,Bajo
2021-01-24,5349,0,Soleado,0,225,Bajo
2021-01-25,6844,1,Nublado,0,235,Bajo
2021-01-26,6751,0,Soleado,0,218,Medio
2021-01-27,5193,0,Soleado,0,209,Bajo
2021-01-28,7014,0,Soleado,0,246,Alto
2021-01-29,7001,0,Soleado,1,218,Medio
2021-01-30,5705,0,Soleado,0,228,Bajo
2021-01-31,6104,0,Soleado,1,208,Bajo
2021-02-01,5534,0,Soleado,0,239,Medio
2021-02-02,6388,0,Nublado,0,197,Alto
2021-02-03,6420,0,Nublado,0,237,Medio
2021-02-04,5831,1,Nublado,0,227,Bajo
2021-02-05,6556,0,Nublado,0,264,Medio
2021-02-06,5981,1,Nublado,0,212,Bajo
2021-02-07,6989,0,Soleado,0,225,Alto
2021-02-08,5455,0,Nublado,0,210,Medio
2021-02-09,5921,0,Soleado,0,240,Medio
2021-02-10,6973,1,Nublado,0,223,Bajo
2021-02-11,6834,0,Nublado,0,201,Medio
2021-02-12,5910,0,Soleado,0,241,Bajo
2021-02-13,6409,0,Soleado,0,215,Bajo
2021-02-14,6417,0,Soleado,0,191,Bajo
2021-02-15,6602,0,Nublado,0,245,Alto
2021-02-16,5372,0,Nublado,0,237,Medio
2021-02-17,6781,0,Nublado,0,207,Bajo
2021-02-18,4960,1,Soleado,0,199,Alto
2021-02-19,6671,0,Nublado,0,251,Bajo
2021-02-20,4841,0,Soleado,0,211,Bajo
2021-02-21,6703,0,Nublado,0,218,Bajo
2021-02-22,5963,0,Soleado,1,246,Medio
2021-02-23,6857,0,Soleado,0,200,Medio
2021-02-24,5841,0,Soleado,0,214,Bajo
2021-02-25,5080,1,Nublado,0,252,Medio
2021-02-26,6439,1,Lluvioso,0,204,Bajo
2021-02-27,5583,1,Soleado,1,235,Medio
2021-02-28,5236,0,Soleado,0,251,Bajo
2021-03-01,5881,0,Lluvioso,0,205,Medio
2021-03-02,5990,0,Soleado,0,224,Medio
2021-03-03,5566,0,Nublado,0,237,Medio
2021-03-04,5689,0,Soleado,0,232,Bajo
2021-03-05,5296,0,Soleado,0,260,Medio
2021-03-06,5984,0,Nublado,0,224,Bajo
2021-03-07,5666,0,Nublado,0,201,Alto
2021-03-08,6795,0,Soleado,0,221,Bajo
2021-03-09,5451,0,Soleado,0,237,Bajo
2021-03-10,6259,0,Nublado,0,221,Medio
2021-03-11,5607,0,Soleado,0,209,Medio
2021-03-12,4988,0,Nublado,0,217,Bajo
2021-03-13,5503,0,Soleado,0,202,Alto
2021-03-14,5338,1,Soleado,0,233,Alto
2021-03-15,6095,0,Lluvioso,0,257,Medio
2021-03-16,6644,0,Nublado,0,240,Bajo
2021-03-17,5575,0,Soleado,0,226,Medio
2021-03-18,6248,0,Nublado,1,234,Bajo
2021-03-19,5274,1,Soleado,0,208,Bajo
2021-03-20,6466,0,Soleado,0,210,Alto
2021-03-21,6313,0,Lluvioso,0,225,Alto
2021-03-22,5332,1,Nublado,0,220,Alto
2021-03-23,5068,0,Nublado,0,208,Bajo
2021-03-24,6459,0,Soleado,1,230,Bajo
2021-03-25,6821,0,Soleado,1,212,Bajo
2021-03-26,6915,0,Soleado,0,193,Bajo
2021-03-27,6093,0,Soleado,1,233,Bajo
2021-03-28,5295,0,Nublado,0,225,Bajo
2021-03-29,6302,1,Soleado,0,234,Medio
2021-03-30,5745,0,Nublado,0,227,Medio
2021-03-31,5117,0,Soleado,0,208,Medio
2021-04-01,6709,0,Soleado,0,257,Alto
2021-04-02,5542,1,Soleado,0,240,Bajo
2021-04-03,6685,1,Soleado,0,204,Bajo
2021-04-04,6695,0,Soleado,0,250,Medio
2021-04-05,5535,0,Lluvioso,0,244,Medio
2021-04-06,5794,0,Soleado,0,195,Medio
2021-04-07,5907,0,Lluvioso,0,218,Bajo
2021-04-08,6655,0,Soleado,0,252,Bajo
2021-04-09,6409,0,Lluvioso,0,214,Medio
2021-04-10,6265,0,Soleado,0,193,Alto
2021-04-11,6297,1,Lluvioso,0,213,Alto
2021-04-12,5580,0,Soleado,0,212,Medio
2021-04-13,5990,1,Nublado,0,240,Medio
2021-04-14,5056,0,Lluvioso,1,217,Alto
2021-04-15,6618,0,Soleado,0,237,Medio
2021-04-16,5168,0,Soleado,1,217,Medio
2021-04-17,6430,0,Soleado,0,200,Alto
2021-04-18,5791,0,Lluvioso,0,228,Medio
2021-04-19,5585,0,Soleado,0,220,Alto
2021-04-20,6007,0,Soleado,0,220,Bajo
2021-04-21,6169,0,Soleado,0,243,Medio
2021-04-22,5282,0,Soleado,0,229,Alto
2021-04-23,6646,0,Nublado,0,252,Bajo
2021-04-24,5520,0,Soleado,0,206,Medio
2021-04-25,6483,0,Nublado,0,220,Bajo
2021-04-26,6321,1,Lluvioso,0,259,Alto
2021-04-27,6786,0,Soleado,0,193,Medio
2021-04-28,6250,0,Nublado,0,226,Bajo
2021-04-29,5439,0,Soleado,0,234,Bajo
2021-04-30,5640,0,Nublado,0,222,Medio
2021-05-01,6255,1,Soleado,0,186,Medio
2021-05-02,5433,0,Nublado,0,215,Bajo
2021-05-03,6117,0,Soleado,0,207,Alto
2021-05-04,6560,0,Soleado,0,187,Medio
2021-05-05,5100,0,Soleado,0,213,Medio
2021-05-06,5210,1,Soleado,0,208,Bajo
2021-05-07,5278,0,Nublado,0,211,Alto
2021-05-08,6167,0,Soleado,0,241,Bajo
2021-05-09,6709,0,Nublado,0,233,Medio
2021-05-10,6813,0,Soleado,0,231,Alto
2021-05-11,5523,0,Nublado,0,173,Bajo
2021-05-12,5748,0,Soleado,0,211,Medio
2021-05-13,6586,0,Soleado,0,253,Bajo
2021-05-14,6924,1,Soleado,0,235,Medio
2021-05-15,6784,0,Nublado,0,201,Medio
2021-05-16,6502,0,Soleado,0,254,Alto
2021-05-17,6786,0,Nublado,0,204,Alto
2021-05-18,6222,1,Nublado,0,219,Medio
2021-05-19,6679,0,Soleado,1,241,Medio
2021-05-20,6287,0,Nublado,0,223,Medio
2021-05-21,5200,0,Soleado,0,231,Bajo
2021-05-22,5250,0,Soleado,0,205,Medio
2021-05-23,5909,0,Nublado,0,212,Alto
2021-05-24,4940,0,Nublado,0,259,Bajo
2021-05-25,5747,0,Nublado,0,231,Bajo
2021-05-26,6568,0,Soleado,0,211,Bajo
2021-05-27,5739,0,Soleado,0,230,Bajo
2021-05-28,5737,1,Soleado,0,238,Bajo
2021-05-29,6069,1,Nublado,0,250,Bajo
2021-05-30,5002,0,Soleado,0,213,Bajo
2021-05-31,5603,0,Nublado,0,251,Medio
2021-06-01,6159,0,Soleado,0,212,Bajo
2021-06-02,5633,0,Soleado,0,212,Medio
2021-06-03,6175,1,Soleado,0,202,Alto
2021-06-04,6641,0,Soleado,0,215,Alto
2021-06-05,5818,0,Soleado,0,263,Medio
2021-06-06,5663,0,Nublado,0,234,Bajo
2021-06-07,6122,0,Nublado,0,229,Alto
2021-06-08,6420,0,Soleado,0,221,Medio
2021-06-09,6506,0,Soleado,0,250,Bajo
2021-06-10,6670,0,Soleado,0,243,Bajo
2021-06-11,5781,0,Nublado,0,206,Bajo
2021-06-12,6127,0,Soleado,0,202,Bajo
2021-06-13,5680,1,Lluvioso,0,263,Bajo
2021-06-14,6476,0,Soleado,0,207,Alto
2021-06-15,5894,1,Soleado,0,242,Medio
2021-06-16,5843,0,Lluvioso,1,222,Medio
2021-06-17,6298,0,Soleado,0,203,Alto
2021-06-18,5316,0,Soleado,1,246,Medio
2021-06-19,6009,1,Soleado,0,186,Alto
2021-06-20,6608,1,Soleado,0,208,Alto
2021-06-21,6919,0,Soleado,1,237,Bajo
2021-06-22,5888,1,Nublado,0,235,Alto
2021-06-23,6412,1,Nublado,0,240,Medio
2021-06-24,5948,0,Soleado,0,229,Bajo
2021-06-25,6324,0,Lluvioso,0,212,Medio
2021-06-26,6437,1,Soleado,0,248,Medio
2021-06-27,5086,1,Soleado,0,207,Alto
2021-06-28,5145,0,Soleado,0,239,Bajo
2021-06-29,5208,1,Soleado,0,227,Medio
2021-06-30,6392,0,Soleado,0,213,Bajo
2021-07-01,5219,0,Lluvioso,0,244,Bajo
2021-07-02,6112,0,Soleado,0,198,Bajo
2021-07-03,5150,0,Soleado,0,211,Medio
2021-07-04,6470,0,Soleado,0,214,Alto
2021-07-05,5966,0,Nublado,0,233,Bajo
2021-07-06,6636,1,Nublado,0,202,Medio
2021-07-07,5300,0,Soleado,0,231,Bajo
2021-07-08,5188,0,Soleado,0,259,Bajo
2021-07-09,6009,0,Soleado,0,235,Medio
2021-07-10,6576,0,Soleado,1,214,Bajo
2021-07-11,5782,1,Soleado,0,223,Medio
2021-07-12,6563,0,Soleado,0,230,Bajo
2021-07-13,6574,1,Soleado,0,238,Bajo
2021-07-14,6553,0,Soleado,0,200,Medio
2021-07-15,5347,0,Soleado,0,179,Medio
2021-07-16,5372,0,Lluvioso,0,204,Bajo
2021-07-17,6194,0,Lluvioso,0,230,Medio
2021-07-18,5207,0,Soleado,0,199,Alto
2021-07-19,5934,0,Soleado,0,213,Medio
2021-07-20,5243,0,Soleado,0,225,Bajo
2021-07-21,6760,0,Soleado,0,220,Medio
2021-07-22,6485,0,Nublado,0,224,Medio
2021-07-23,6674,0,Soleado,0,252,Bajo
2021-07-24,6828,0,Nublado,0,236,Alto
2021-07-25,6659,0,Lluvioso,0,247,Alto
2021-07-26,6517,1,Soleado,0,240,Alto
2021-07-27,5586,0,Soleado,0,234,Alto
2021-07-28,6576,0,Soleado,0,220,Medio
2021-07-29,6262,1,Soleado,0,262,Medio
2021-07-30,6771,0,Soleado,1,221,Medio
2021-07-31,5065,0,Soleado,0,214,Alto
2021-08-01,5885,0,Nublado,0,223,Medio
2021-08-02,6020,0,Soleado,0,198,Bajo
2021-08-03,6209,1,Soleado,0,244,Bajo
2021-08-04,6515,1,Nublado,0,222,Alto
2021-08-05,5539,1,Nublado,0,213,Bajo
2021-08-06,5574,0,Soleado,0,188,Medio
2021-08-07,6980,0,Nublado,0,215,Alto
2021-08-08,5556,0,Soleado,0,227,Medio
2021-08-09,6868,0,Soleado,0,203,Alto
2021-08-10,5853,0,Soleado,0,268,Medio
2021-08-11,5167,0,Soleado,0,208,Bajo
2021-08-12,5173,0,Nublado,0,255,Alto
2021-08-13,5243,0,Nublado,0,240,Bajo
2021-08-14,6180,1,Nublado,0,199,Bajo
2021-08-15,7036,1,Soleado,0,246,Bajo
2021-08-16,6526,0,Soleado,0,232,Bajo
2021-08-17,6821,0,Soleado,0,211,Bajo
2021-08-18,5720,0,Soleado,0,256,Bajo
2021-08-19,6074,1,Nublado,1,236,Medio
2021-08-20,5322,0,Nublado,0,204,Alto
2021-08-21,6570,0,Soleado,0,258,Bajo
2021-08-22,6390,0,Soleado,0,209,Bajo
2021-08-23,6189,0,Soleado,0,228,Medio
2021-08-24,5846,0,Soleado,0,207,Medio
2021-08-25,6461,0,Soleado,0,215,Alto
2021-08-26,6362,0,Soleado,0,240,Bajo
2021-08-27,5946,0,Soleado,0,201,Alto
2021-08-28,6174,0,Soleado,0,205,Medio
2021-08-29,6282,0,Soleado,0,232,Medio
2021-08-30,6255,1,Soleado,0,211,Bajo
2021-08-31,4968,0,Nublado,0,212,Bajo
2021-09-01,5904,1,Soleado,0,193,Bajo
2021-09-02,6582,0,Lluvioso,1,222,Bajo
2021-09-03,5739,0,Soleado,0,201,Medio
2021-09-04,5129,0,Soleado,0,232,Alto
2021-09-05,5600,0,Soleado,0,257,Medio
2021-09-06,6310,0,Soleado,0,212,Medio
2021-09-07,6771,0,Nublado,0,186,Medio
2021-09-08,6311,0,Soleado,0,247,Bajo
2021-09-09,5912,0,Lluvioso,0,238,Alto
2021-09-10,6212,1,Nublado,0,230,Medio
2021-09-11,5198,1,Soleado,0,224,Bajo
2021-09-12,6700,0,Soleado,0,249,Bajo
2021-09-13,6170,1,Nublado,0,224,Medio
2021-09-14,6855,0,Soleado,0,241,Medio
2021-09-15,6752,0,Nublado,0,255,Bajo
2021-09-16,6044,1,Soleado,0,244,Alto
2021-09-17,6410,0,Soleado,0,202,Medio
2021-09-18,6007,0,Soleado,0,213,Medio
2021-09-19,6666,0,Soleado,0,206,Bajo
2021-09-20,6938,1,Nublado,0,223,Bajo
2021-09-21,5611,1,Soleado,0,206,Alto
2021-09-22,5085,0,Nublado,0,201,Alto
2021-09-23,6220,0,Soleado,0,219,Bajo
2021-09-24,6496,0,Soleado,0,276,Bajo
2021-09-25,5759,0,Soleado,0,214,Bajo
2021-09-26,6085,0,Soleado,0,230,Bajo
2021-09-27,5325,0,Soleado,0,197,Medio
2021-09-28,5380,0,Soleado,0,205,Alto
2021-09-29,6694,0,Nublado,0,231,Bajo
2021-09-30,5232,0,Soleado,0,256,Bajo
2021-10-01,5637,0,Soleado,0,213,Alto
2021-10-02,6477,1,Nublado,0,248,Bajo
2021-10-03,5220,0,Nublado,0,213,Alto
2021-10-04,4897,0,Soleado,0,206,Medio
2021-10-05,6822,0,Soleado,0,239,Alto
2021-10-06,5465,0,Nublado,0,181,Bajo
2021-10-07,6386,0,Soleado,1,236,Bajo
2021-10-08,5850,0,Soleado,0,245,Bajo
2021-10-09,5072,0,Soleado,0,204,Bajo
2021-10-10,6111,0,Nublado,0,235,Bajo
2021-10-11,6575,0,Soleado,0,238,Alto
2021-10-12,6098,0,Lluvioso,0,240,Alto
2021-10-13,5826,1,Soleado,0,237,Medio
2021-10-14,6433,0,Nublado,0,221,Bajo
2021-10-15,6930,0,Soleado,0,225,Medio
2021-10-16,7026,0,Soleado,0,219,Medio
2021-10-17,5717,0,Nublado,0,237,Bajo
2021-10-18,5522,0,Soleado,0,234,Alto
2021-10-19,6528,0,Soleado,0,245,Bajo
2021-10-20,5065,0,Soleado,0,222,Bajo
2021-10-21,6713,0,Soleado,0,248,Bajo
2021-10-22,5286,0,Soleado,0,223,Medio
2021-10-23,5262,0,Nublado,0,228,Medio
2021-10-24,6640,0,Soleado,0,189,Bajo
2021-10-25,6601,0,Soleado,0,224,Bajo
2021-10-26,6449,0,Soleado,0,247,Bajo
2021-10-27,6602,0,Nublado,0,239,Bajo
2021-10-28,5251,0,Nublado,0,202,Bajo
2021-10-29,5025,1,Soleado,0,241,Bajo
2021-10-30,5418,0,Soleado,0,246,Bajo
2021-10-31,6819,1,Lluvioso,1,220,Alto
2021-11-01,6476,0,Soleado,0,235,Medio
2021-11-02,5567,0,Nublado,0,203,Medio
2021-11-03,5130,0,Nublado,0,227,Bajo
2021-11-04,6198,1,Nublado,0,240,Bajo
2021-11-05,5414,0,Soleado,0,179,Bajo
2021-11-06,6422,0,Nublado,0,256,Bajo
2021-11-07,6316,0,Nublado,0,229,Bajo
2021-11-08,6376,0,Soleado,1,203,Alto
2021-11-09,5374,0,Soleado,0,212,Alto
2021-11-10,6107,1,Soleado,0,230,Bajo
2021-11-11,6882,1,Soleado,1,208,Bajo
2021-11-12,6010,0,Soleado,0,238,Alto
2021-11-13,6009,1,Soleado,1,233,Bajo
2021-11-14,6625,0,Soleado,1,240,Medio
2021-11-15,5705,0,Soleado,0,190,Alto
2021-11-16,6847,0,Soleado,0,191,Alto
2021-11-17,6059,0,Nublado,0,199,Bajo
2021-11-18,6626,1,Lluvioso,0,221,Bajo
2021-11-19,5635,0,Soleado,1,234,Bajo
2021-11-20,6551,0,Soleado,0,227,Alto
2021-11-21,6325,0,Soleado,0,234,Alto
2021-11-22,6084,0,Nublado,0,204,Medio
2021-11-23,6642,0,Nublado,0,238,Medio
2021-11-24,6022,1,Lluvioso,0,189,Medio
2021-11-25,5309,1,Soleado,0,199,Medio
2021-11-26,5558,0,Lluvioso,0,219,Alto
2021-11-27,5804,0,Soleado,0,235,Medio
2021-11-28,5222,0,Nublado,1,219,Medio
2021-11-29,6719,0,Soleado,0,213,Bajo
2021-11-30,6669,0,Nublado,0,233,Medio
2021-12-01,5342,0,Soleado,0,232,Bajo
2021-12-02,5603,0,Nublado,0,195,Bajo
2021-12-03,5519,0,Nublado,0,230,Alto
2021-12-04,5993,0,Soleado,1,248,Medio
2021-12-05,6571,0,Soleado,0,246,Alto
2021-12-06,6866,0,Nublado,0,272,Bajo
2021-12-07,5991,0,Soleado,0,204,Medio
2021-12-08,6522,1,Soleado,0,207,Bajo
2021-12-09,5408,0,Soleado,0,246,Alto
2021-12-10,6712,1,Soleado,0,205,Bajo
2021-12-11,6899,0,Soleado,0,282,Medio
2021-12-12,6132,0,Soleado,0,242,Medio
2021-12-13,6256,0,Soleado,0,227,Bajo
2021-12-14,6923,1,Soleado,0,226,Alto
2021-12-15,5741,0,Nublado,0,213,Alto
2021-12-16,5778,0,Lluvioso,0,252,Bajo
2021-12-17,6049,0,Nublado,1,245,Bajo
2021-12-18,5569,0,Soleado,0,250,Bajo
2021-12-19,6448,0,Lluvioso,0,246,Bajo
2021-12-20,5073,1,Soleado,1,218,Alto
2021-12-21,6372,0,Soleado,0,211,Alto
2021-12-22,5340,0,Lluvioso,0,188,Bajo
2021-12-23,5797,0,Nublado,0,229,Bajo
2021-12-24,6278,0,Nublado,0,219,Medio
2021-12-25,6073,0,Nublado,0,213,Bajo
2021-12-26,6255,0,Soleado,0,213,Bajo
2021-12-27,5494,0,Soleado,0,217,Bajo
2021-12-28,6987,0,Nublado,0,237,Medio
2021-12-29,6518,0,Soleado,1,192,Medio
2021-12-30,6905,1,Soleado,0,242,Medio
2021-12-31,6784,0,Nublado,0,205,Bajo
2022-01-01,5766,0,Nublado,0,230,Alto
2022-01-02,5935,0,Soleado,0,240,Medio
2022-01-03,5625,0,Nublado,0,209,Alto
2022-01-04,5028,0,Nublado,1,249,Bajo
2022-01-05,5324,0,Nublado,0,268,Alto
2022-01-06,6455,0,Soleado,0,209,Alto
2022-01-07,5391,1,Soleado,0,230,Bajo
2022-01-08,5245,0,Soleado,0,275,Bajo
2022-01-09,6222,0,Soleado,0,252,Alto
2022-01-10,6406,0,Soleado,0,209,Medio
2022-01-11,6012,0,Soleado,0,243,Alto
2022-01-12,6664,0,Soleado,0,235,Medio
2022-01-13,6549,1,Lluvioso,0,248,Medio
2022-01-14,6185,0,Soleado,0,219,Bajo
2022-01-15,6153,0,Nublado,0,212,Bajo
2022-01-16,5296,0,Nublado,0,186,Alto
2022-01-17,5647,0,Soleado,0,202,Bajo
2022-01-18,6519,0,Lluvioso,0,206,Bajo
2022-01-19,5811,0,Soleado,0,187,Medio
2022-01-20,6078,0,Soleado,0,235,Medio
2022-01-21,5372,0,Nublado,0,226,Bajo
2022-01-22,6393,0,Soleado,0,252,Bajo
2022-01-23,6683,1,Nublado,1,227,Bajo
2022-01-24,5286,0,Soleado,0,193,Bajo
2022-01-25,5602,1,Nublado,0,235,Medio
2022-01-26,6022,0,Soleado,0,198,Bajo
2022-01-27,5628,0,Nublado,0,274,Alto
2022-01-28,5813,0,Soleado,0,252,Alto
2022-01-29,6362,0,Nublado,0,190,Medio
2022-01-30,5687,0,Nublado,0,187,Bajo
2022-01-31,5421,0,Soleado,1,192,Medio
2022-02-01,5444,0,Nublado,0,233,Bajo
2022-02-02,5110,1,Soleado,0,237,Bajo
2022-02-03,6118,0,Nublado,0,246,Alto
2022-02-04,5536,0,Soleado,0,231,Bajo
2022-02-05,6929,0,Nublado,0,239,Alto
2022-02-06,6410,1,Nublado,0,260,Bajo
2022-02-07,5862,0,Soleado,0,234,Bajo
2022-02-08,6430,0,Soleado,0,180,Alto
2022-02-09,5462,0,Soleado,0,269,Medio
2022-02-10,5942,0,Nublado,1,252,Medio
2022-02-11,5398,1,Soleado,0,212,Medio
2022-02-12,6102,0,Soleado,0,235,Bajo
2022-02-13,6597,0,Nublado,0,197,Medio
2022-02-14,5398,1,Soleado,0,238,Bajo
2022-02-15,6505,0,Nublado,0,226,Medio
2022-02-16,5844,0,Soleado,0,232,Medio
2022-02-17,6693,0,Soleado,0,241,Alto
2022-02-18,6021,0,Nublado,0,196,Medio
2022-02-19,6554,0,Soleado,0,218,Bajo
2022-02-20,6816,0,Soleado,0,216,Medio
2022-02-21,5653,0,Nublado,1,231,Bajo
2022-02-22,6411,0,Soleado,0,196,Bajo
2022-02-23,6691,0,Lluvioso,0,248,Bajo
2022-02-24,6938,1,Lluvioso,0,234,Medio
2022-02-25,5328,0,Soleado,0,208,Bajo
2022-02-26,6885,0,Soleado,0,189,Bajo
2022-02-27,5586,0,Nublado,1,248,Alto
2022-02-28,6251,0,Soleado,0,249,Medio
2022-03-01,5830,0,Soleado,0,179,Bajo
2022-03-02,6776,0,Nublado,0,229,Bajo
2022-03-03,6346,0,Soleado,0,220,Medio
2022-03-04,5835,0,Nublado,0,214,Alto
2022-03-05,6420,0,Soleado,0,240,Bajo
2022-03-06,5218,0,Soleado,0,216,Alto
2022-03-07,6281,0,Soleado,0,232,Medio
2022-03-08,5425,1,Lluvioso,0,246,Medio
2022-03-09,5863,0,Nublado,0,241,Alto
2022-03-10,6567,0,Nublado,0,217,Medio
2022-03-11,5502,0,Soleado,0,204,Alto
2022-03-12,5384,1,Soleado,0,238,Bajo
2022-03-13,6034,0,Soleado,0,204,Medio
2022-03-14,5830,0,Soleado,1,229,Medio
2022-03-15,5090,0,Soleado,0,174,Bajo
2022-03-16,5449,1,Nublado,0,217,Medio
2022-03-17,5237,0,Soleado,0,215,Bajo
2022-03-18,6066,0,Lluvioso,0,200,Bajo
2022-03-19,6334,1,Soleado,0,196,Bajo
2022-03-20,5154,1,Lluvioso,0,213,Medio
2022-03-21,6150,1,Soleado,0,234,Alto
2022-03-22,6407,0,Soleado,0,236,Bajo
2022-03-23,6679,0,Soleado,0,247,Medio
2022-03-24,4957,0,Soleado,0,217,Bajo
2022-03-25,6517,0,Soleado,0,239,Alto
2022-03-26,5126,0,Soleado,0,217,Medio
2022-03-27,5189,0,Soleado,0,222,Medio
2022-03-28,5104,0,Nublado,0,205,Medio
2022-03-29,6134,0,Nublado,0,241,Bajo
2022-03-30,6499,0,Nublado,0,223,Medio
2022-03-31,5287,0,Soleado,0,249,Alto
2022-04-01,6727,0,Nublado,0,202,Bajo
2022-04-02,6511,0,Soleado,0,187,Medio
2022-04-03,5376,0,Soleado,0,254,Alto
2022-04-04,6391,0,Soleado,1,231,Bajo
2022-04-05,5861,0,Soleado,0,206,Alto
2022-04-06,6591,0,Soleado,0,260,Alto
2022-04-07,6935,0,Soleado,0,233,Medio
2022-04-08,5955,1,Soleado,0,241,Bajo
2022-04-09,5577,0,Nublado,0,236,Bajo
2022-04-10,6141,0,Nublado,0,202,Bajo
2022-04-11,5603,1,Lluvioso,1,249,Alto
2022-04-12,4876,0,Nublado,0,224,Alto
2022-04-13,6408,1,Soleado,0,203,Medio
2022-04-14,6094,1,Nublado,0,202,Bajo
2022-04-15,5841,0,Nublado,1,224,Bajo
2022-04-16,6165,1,Soleado,0,225,Medio
2022-04-17,5085,0,Soleado,0,229,Medio
2022-04-18,5160,0,Lluvioso,0,248,Alto
2022-04-19,5195,0,Soleado,0,235,Medio
2022-04-20,5310,0,Lluvioso,0,203,Alto
2022-04-21,5258,1,Soleado,0,196,Medio
2022-04-22,5402,0,Soleado,0,248,Medio
2022-04-23,5925,0,Soleado,0,223,Bajo
2022-04-24,6222,0,Soleado,0,247,Alto
2022-04-25,5651,0,Nublado,0,215,Medio
2022-04-26,5962,0,Lluvioso,0,212,Bajo
2022-04-27,6120,0,Soleado,1,231,Bajo
2022-04-28,5525,1,Soleado,0,246,Bajo
2022-04-29,6827,0,Nublado,0,228,Medio
2022-04-30,5761,1,Nublado,0,234,Bajo
2022-05-01,5740,0,Soleado,0,242,Bajo
2022-05-02,5894,0,Soleado,0,205,Medio
2022-05-03,6740,0,Nublado,0,257,Bajo
2022-05-04,6684,0,Nublado,0,203,Alto
2022-05-05,5059,0,Soleado,0,218,Bajo
2022-05-06,5332,1,Soleado,0,209,Medio
2022-05-07,5331,0,Lluvioso,0,248,Bajo
2022-05-08,6655,1,Nublado,0,236,Bajo
2022-05-09,6785,0,Soleado,0,213,Bajo
2022-05-10,6191,0,Soleado,1,257,Alto
2022-05-11,5646,0,Nublado,0,245,Medio
2022-05-12,5473,1,Soleado,0,268,Bajo
2022-05-13,6585,0,Soleado,0,203,Medio
2022-05-14,5187,1,Soleado,0,212,Bajo
2022-05-15,6036,1,Soleado,0,213,Alto
2022-05-16,5527,0,Nublado,0,189,Alto
2022-05-17,6853,0,Soleado,0,260,Medio
2022-05-18,5051,0,Nublado,0,223,Medio
2022-05-19,6008,0,Soleado,0,241,Alto
2022-05-20,5389,0,Soleado,0,252,Medio
2022-05-21,6783,0,Soleado,0,184,Medio
2022-05-22,5965,0,Lluvioso,0,229,Alto
2022-05-23,5459,0,Nublado,0,234,Medio
2022-05-24,6865,0,Soleado,0,214,Medio
2022-05-25,5423,0,Nublado,0,206,Alto
2022-05-26,6765,0,Nublado,0,193,Medio
2022-05-27,6510,0,Lluvioso,0,235,Medio
2022-05-28,6845,0,Soleado,0,205,Bajo
2022-05-29,6441,1,Nublado,0,206,Bajo
2022-05-30,6473,0,Soleado,0,172,Bajo
2022-05-31,6783,0,Soleado,0,199,Medio
2022-06-01,5703,0,Lluvioso,0,211,Bajo
2022-06-02,6253,0,Soleado,0,215,Alto
2022-06-03,6081,0,Soleado,0,230,Medio
2022-06-04,5425,1,Soleado,0,220,Medio
2022-06-05,6373,0,Nublado,0,207,Bajo
2022-06-06,6760,0,Nublado,0,269,Alto
2022-06-07,5929,0,Soleado,0,238,Medio
2022-06-08,6249,0,Lluvioso,0,254,Medio
2022-06-09,6704,0,Soleado,0,238,Bajo
2022-06-10,5243,0,Soleado,1,252,Medio
2022-06-11,6346,0,Lluvioso,1,194,Medio
2022-06-12,5639,0,Soleado,0,218,Medio
2022-06-13,6510,0,Soleado,0,199,Alto
2022-06-14,6516,0,Soleado,0,203,Alto
2022-06-15,6989,1,Nublado,0,214,Alto
2022-06-16,5100,0,Soleado,0,218,Medio
2022-06-17,5946,0,Lluvioso,1,210,Alto
2022-06-18,6789,0,Nublado,0,262,Alto
2022-06-19,6721,0,Soleado,0,193,Bajo
2022-06-20,6020,0,Nublado,0,207,Bajo
2022-06-21,6816,0,Soleado,0,247,Bajo
2022-06-22,5669,0,Soleado,1,231,Bajo
2022-06-23,5490,0,Nublado,0,235,Bajo
2022-06-24,5293,0,Lluvioso,0,229,Bajo
2022-06-25,5973,0,Soleado,0,203,Medio
2022-06-26,6464,0,Soleado,0,207,Bajo
2022-06-27,5462,0,Soleado,0,212,Bajo
2022-06-28,6194,0,Soleado,0,230,Medio
2022-06-29,5066,0,Soleado,0,212,Alto
2022-06-30,6376,0,Soleado,0,205,Alto
2022-07-01,6574,0,Nublado,0,202,Medio
2022-07-02,5408,1,Soleado,0,205,Bajo
2022-07-03,5517,0,Soleado,0,203,Bajo
2022-07-04,5681,0,Nublado,0,251,Bajo
2022-07-05,6958,0,Nublado,0,217,Bajo
2022-07-06,6621,1,Soleado,1,205,Bajo
2022-07-07,6199,0,Soleado,0,193,Alto
2022-07-08,4988,0,Nublado,0,250,Bajo
2022-07-09,5445,0,Soleado,0,196,Bajo
2022-07-10,6844,0,Soleado,0,254,Bajo
2022-07-11,5286,0,Nublado,0,253,Medio
2022-07-12,5222,0,Soleado,0,240,Bajo
2022-07-13,6274,1,Soleado,0,197,Bajo
2022-07-14,5453,1,Soleado,0,187,Bajo
2022-07-15,5473,0,Soleado,0,183,Bajo
2022-07-16,5957,0,Soleado,0,226,Bajo
2022-07-17,6306,1,Lluvioso,0,215,Medio
2022-07-18,6178,0,Soleado,0,226,Bajo
2022-07-19,6586,0,Soleado,0,224,Medio
2022-07-20,6350,0,Soleado,0,204,Medio
2022-07-21,6938,0,Lluvioso,1,230,Medio
2022-07-22,6522,0,Soleado,0,211,Bajo
2022-07-23,6996,0,Soleado,0,242,Bajo
2022-07-24,6986,0,Nublado,0,220,Bajo
2022-07-25,5723,0,Soleado,0,238,Medio
2022-07-26,6939,0,Soleado,0,217,Medio
2022-07-27,6568,0,Soleado,0,236,Bajo
2022-07-28,6802,1,Soleado,0,236,Medio
2022-07-29,6216,0,Soleado,0,229,Alto
2022-07-30,6903,0,Nublado,0,221,Medio
2022-07-31,5939,1,Soleado,1,195,Bajo
2022-08-01,5828,1,Soleado,0,227,Medio
2022-08-02,5695,0,Soleado,0,206,Bajo
2022-08-03,6546,0,Soleado,0,205,Medio
2022-08-04,5635,0,Soleado,1,211,Bajo
2022-08-05,6966,1,Lluvioso,0,244,Bajo
2022-08-06,5229,1,Soleado,0,207,Alto
2022-08-07,5097,1,Nublado,0,240,Medio
2022-08-08,5852,0,Soleado,0,231,Bajo
2022-08-09,5254,0,Soleado,1,227,Bajo
2022-08-10,5734,0,Soleado,0,217,Medio
2022-08-11,6986,0,Soleado,0,177,Alto
2022-08-12,6662,0,Soleado,0,236,Medio
2022-08-13,5527,0,Soleado,0,232,Alto
2022-08-14,6924,0,Nublado,0,229,Bajo
2022-08-15,5020,0,Soleado,0,207,Medio
2022-08-16,6102,0,Soleado,0,239,Medio
2022-08-17,6752,0,Soleado,0,223,Medio
2022-08-18,5404,0,Soleado,1,227,Bajo
2022-08-19,5802,0,Soleado,0,215,Medio
2022-08-20,6025,0,Soleado,0,207,Medio
2022-08-21,4915,0,Soleado,0,224,Medio
2022-08-22,6785,1,Nublado,0,265,Medio
2022-08-23,5620,0,Nublado,0,204,Medio
2022-08-24,6659,0,Soleado,0,233,Medio
2022-08-25,5224,0,Soleado,0,220,Bajo
2022-08-26,6249,0,Nublado,0,245,Bajo
2022-08-27,6898,1,Soleado,1,187,Medio
2022-08-28,6588,0,Soleado,0,233,Alto
2022-08-29,5434,1,Soleado,0,208,Bajo
2022-08-30,6465,0,Soleado,1,234,Medio
2022-08-31,6947,1,Soleado,0,246,Bajo
2022-09-01,5671,0,Soleado,0,233,Bajo
2022-09-02,6284,1,Soleado,0,200,Medio
2022-09-03,5058,0,Soleado,0,198,Medio
2022-09-04,6902,0,Nublado,0,214,Bajo
2022-09-05,6206,0,Soleado,0,258,Medio
2022-09-06,5687,1,Soleado,0,241,Alto
2022-09-07,5961,0,Soleado,0,224,Alto
2022-09-08,5471,0,Nublado,0,185,Bajo
2022-09-09,6259,1,Nublado,0,184,Medio
2022-09-10,5535,0,Nublado,0,254,Bajo
2022-09-11,6082,0,Soleado,0,237,Bajo
2022-09-12,5287,0,Nublado,0,206,Medio
2022-09-13,5627,0,Nublado,0,229,Medio
2022-09-14,5812,1,Soleado,0,215,Bajo
2022-09-15,5051,0,Soleado,0,224,Alto
2022-09-16,5967,0,Soleado,0,250,Alto
2022-09-17,5475,1,Nublado,1,216,Medio
2022-09-18,5105,0,Soleado,0,210,Medio
2022-09-19,6121,0,Soleado,0,241,Bajo
2022-09-20,5474,0,Lluvioso,0,235,Medio
2022-09-21,5631,0,Nublado,1,219,Bajo
2022-09-22,6790,0,Lluvioso,0,253,Alto
2022-09-23,6061,1,Lluvioso,0,229,Bajo
2022-09-24,5916,0,Soleado,0,242,Bajo
2022-09-25,5820,0,Nublado,0,245,Medio
2022-09-26,6410,0,Soleado,1,222,Bajo
2022-09-27,5146,0,Nublado,0,197,Bajo
2022-09-28,5465,1,Soleado,0,244,Bajo
2022-09-29,5795,1,Lluvioso,0,235,Alto
2022-09-30,5433,0,Nublado,0,269,Medio
2022-10-01,6132,0,Nublado,0,244,Bajo
2022-10-02,6167,0,Soleado,0,218,Bajo
2022-10-03,5161,0,Soleado,0,208,Bajo
2022-10-04,6797,0,Nublado,0,248,Medio
2022-10-05,5950,0,Soleado,0,254,Medio
2022-10-06,5080,0,Nublado,0,239,Bajo
2022-10-07,6189,0,Soleado,0,257,Bajo
2022-10-08,6436,0,Nublado,0,192,Bajo
2022-10-09,5467,0,Soleado,0,236,Bajo
2022-10-10,6485,0,Nublado,0,219,Bajo
2022-10-11,5464,0,Nublado,0,208,Medio
2022-10-12,5364,0,Soleado,0,229,Bajo
2022-10-13,6887,1,Soleado,0,231,Medio
2022-10-14,6018,0,Soleado,0,222,Medio
2022-10-15,5130,0,Soleado,0,235,Bajo
2022-10-16,5857,0,Soleado,0,236,Medio
2022-10-17,6146,1,Nublado,1,226,Medio
2022-10-18,6017,1,Soleado,0,234,Bajo
2022-10-19,5535,0,Soleado,1,235,Alto
2022-10-20,5759,0,Soleado,0,205,Bajo
2022-10-21,5641,1,Soleado,0,205,Alto
2022-10-22,5692,0,Soleado,0,220,Medio
2022-10-23,6200,0,Lluvioso,0,267,Medio
2022-10-24,5034,0,Nublado,0,202,Alto
2022-10-25,6220,0,Soleado,0,217,Alto
2022-10-26,6909,0,Soleado,0,243,Medio
2022-10-27,6185,0,Nublado,0,222,Medio
2022-10-28,6510,0,Soleado,0,213,Bajo
2022-10-29,6782,1,Soleado,0,211,Medio
2022-10-30,6666,0,Soleado,0,207,Bajo
2022-10-31,5918,1,Soleado,0,222,Bajo
2022-11-01,5497,0,Lluvioso,0,206,Alto
2022-11-02,5765,0,Nublado,0,215,Bajo
2022-11-03,6657,0,Soleado,0,240,Bajo
2022-11-04,6714,1,Soleado,0,212,Medio
2022-11-05,6433,0,Nublado,0,254,Bajo
2022-11-06,6908,0,Nublado,0,240,Bajo
2022-11-07,6343,1,Nublado,0,230,Medio
2022-11-08,6540,0,Nublado,0,237,Medio
2022-11-09,5223,1,Soleado,0,213,Medio
2022-11-10,5472,0,Nublado,0,216,Medio
2022-11-11,6889,1,Nublado,0,217,Medio
2022-11-12,5343,0,Soleado,0,256,Medio
2022-11-13,5582,0,Nublado,0,213,Bajo
2022-11-14,6719,0,Soleado,0,229,Medio
2022-11-15,5156,0,Soleado,0,222,Alto
2022-11-16,5600,0,Soleado,1,267,Bajo
2022-11-17,6612,0,Soleado,0,269,Bajo
2022-11-18,5523,0,Soleado,0,259,Bajo
2022-11-19,5436,0,Soleado,0,237,Medio
2022-11-20,6383,0,Soleado,0,213,Bajo
2022-11-21,5034,0,Soleado,0,196,Medio
2022-11-22,5167,1,Soleado,0,232,Alto
2022-11-23,5515,0,Soleado,0,203,Medio
2022-11-24,6010,0,Nublado,0,228,Bajo
2022-11-25,6822,0,Soleado,0,223,Medio
2022-11-26,5620,0,Soleado,0,206,Bajo
2022-11-27,5969,0,Nublado,0,189,Medio
2022-11-28,6574,0,Nublado,1,204,Medio
2022-11-29,5293,0,Nublado,0,207,Bajo
2022-11-30,6186,1,Soleado,0,234,Alto
2022-12-01,6767,0,Soleado,0,242,Bajo
2022-12-02,5559,0,Nublado,0,240,Alto
2022-12-03,6126,0,Soleado,0,198,Bajo
2022-12-04,6125,0,Soleado,0,235,Bajo
2022-12-05,5588,0,Soleado,0,205,Bajo
2022-12-06,6134,0,Nublado,0,212,Bajo
2022-12-07,5191,0,Soleado,0,204,Medio
2022-12-08,5709,0,Lluvioso,0,225,Medio
2022-12-09,6741,0,Nublado,0,219,Medio
2022-12-10,5850,0,Soleado,0,174,Bajo
2022-12-11,5109,1,Nublado,0,230,Bajo
2022-12-12,6020,0,Nublado,0,236,Medio
2022-12-13,6227,1,Nublado,0,192,Bajo
2022-12-14,6146,1,Soleado,1,212,Medio
2022-12-15,5020,0,Nublado,0,234,Medio
2022-12-16,6697,0,Soleado,0,212,Bajo
2022-12-17,6292,0,Lluvioso,0,230,Medio
2022-12-18,6786,1,Soleado,0,230,Medio
2022-12-19,6808,0,Soleado,0,243,Medio
2022-12-20,6973,0,Nublado,1,220,Bajo
2022-12-21,6824,0,Nublado,0,229,Bajo
2022-12-22,5048,1,Soleado,0,235,Bajo
2022-12-23,5696,0,Soleado,0,204,Bajo
2022-12-24,5660,1,Soleado,0,208,Bajo
2022-12-25,4896,0,Lluvioso,0,203,Alto
2022-12-26,6528,0,Nublado,0,221,Medio
2022-12-27,5786,0,Nublado,0,197,Medio
2022-12-28,5696,0,Soleado,0,243,Bajo
2022-12-29,5258,0,Soleado,0,212,Alto
2022-12-30,6731,0,Nublado,0,254,Bajo
2022-12-31,6867,1,Nublado,0,197,Medio
2023-01-01,6455,0,Soleado,0,213,Alto
2023-01-02,5160,1,Nublado,0,237,Medio
2023-01-03,5470,0,Soleado,0,248,Alto
2023-01-04,6512,1,Soleado,0,255,Medio
2023-01-05,5173,0,Soleado,0,227,Bajo
2023-01-06,5576,1,Soleado,0,210,Bajo
2023-01-07,6312,1,Soleado,0,223,Bajo
2023-01-08,5181,0,Soleado,0,259,Bajo
2023-01-09,6232,0,Soleado,0,226,Medio
2023-01-10,5070,0,Nublado,0,194,Bajo
2023-01-11,6356,0,Soleado,0,212,Alto
2023-01-12,6692,1,Soleado,0,249,Bajo
2023-01-13,6151,0,Soleado,0,178,Bajo
2023-01-14,5467,0,Soleado,0,233,Alto
2023-01-15,6736,0,Nublado,0,224,Bajo
2023-01-16,6637,1,Soleado,0,215,Medio
2023-01-17,5559,1,Nublado,0,212,Medio
2023-01-18,6005,0,Nublado,0,202,Bajo
2023-01-19,6093,0,Soleado,0,214,Medio
2023-01-20,5741,0,Soleado,1,216,Bajo
2023-01-21,5068,0,Soleado,0,222,Medio
2023-01-22,5487,0,Soleado,0,213,Medio
2023-01-23,5061,0,Nublado,0,178,Bajo
2023-01-24,5112,0,Soleado,0,246,Medio
2023-01-25,5538,0,Soleado,0,224,Bajo
2023-01-26,6069,0,Soleado,0,264,Medio
2023-01-27,6230,0,Soleado,0,228,Alto
2023-01-28,5114,0,Soleado,0,213,Alto
2023-01-29,5494,0,Soleado,0,220,Medio
2023-01-30,5383,0,Soleado,0,224,Bajo
2023-01-31,6589,0,Soleado,0,227,Alto
2023-02-01,5329,0,Nublado,0,185,Bajo
2023-02-02,6073,0,Nublado,0,230,Medio
2023-02-03,5546,1,Soleado,0,246,Bajo
2023-02-04,5606,0,Soleado,1,228,Alto
2023-02-05,5799,0,Lluvioso,0,201,Medio
2023-02-06,5284,0,Soleado,0,233,Medio
2023-02-07,5709,0,Soleado,0,241,Bajo
2023-02-08,6126,0,Soleado,1,241,Medio
2023-02-09,6319,0,Nublado,0,222,Medio
2023-02-10,5851,0,Soleado,0,214,Medio
2023-02-11,6441,0,Lluvioso,0,226,Bajo
2023-02-12,6058,0,Nublado,0,228,Bajo
2023-02-13,6618,0,Nublado,0,221,Bajo
2023-02-14,5700,0,Nublado,0,237,Bajo
2023-02-15,6413,0,Soleado,0,247,Bajo
2023-02-16,6240,0,Soleado,1,242,Bajo
2023-02-17,5098,1,Nublado,0,238,Bajo
2023-02-18,5880,0,Lluvioso,0,194,Bajo
2023-02-19,5328,0,Soleado,0,208,Bajo
2023-02-20,6059,1,Lluvioso,0,224,Alto
2023-02-21,5224,0,Soleado,0,193,Medio
2023-02-22,6010,0,Soleado,0,239,Bajo
2023-02-23,6817,0,Soleado,0,227,Medio
2023-02-24,6377,1,Soleado,0,207,Medio
2023-02-25,5749,1,Soleado,0,199,Alto
2023-02-26,6953,0,Soleado,0,247,Bajo
2023-02-27,5749,0,Soleado,0,225,Bajo
2023-02-28,5967,0,Soleado,0,213,Alto
2023-03-01,5092,0,Soleado,0,220,Bajo
2023-03-02,5714,0,Lluvioso,0,226,Bajo
2023-03-03,6867,0,Soleado,0,229,Bajo
2023-03-04,5980,0,Soleado,0,214,Bajo
2023-03-05,5292,0,Soleado,0,204,Alto
2023-03-06,6568,0,Soleado,0,233,Bajo
2023-03-07,5532,0,Nublado,0,215,Alto
2023-03-08,6893,0,Soleado,0,216,Alto
2023-03-09,5100,1,Nublado,0,220,Medio
2023-03-10,5597,0,Soleado,0,272,Bajo
2023-03-11,6057,0,Soleado,1,255,Bajo
2023-03-12,6580,0,Soleado,0,211,Bajo
2023-03-13,4999,0,Soleado,0,223,Bajo
2023-03-14,6028,1,Soleado,1,212,Medio
2023-03-15,6535,0,Soleado,0,228,Bajo
2023-03-16,5178,0,Soleado,0,238,Alto
2023-03-17,5813,0,Soleado,0,228,Medio
2023-03-18,5129,0,Lluvioso,0,226,Medio
2023-03-19,6279,1,Soleado,0,217,Alto
2023-03-20,5971,0,Soleado,1,281,Bajo
2023-03-21,6444,0,Soleado,0,216,Bajo
2023-03-22,6369,0,Soleado,0,224,Bajo
2023-03-23,6793,0,Soleado,0,204,Bajo
2023-03-24,5655,1,Nublado,0,254,Medio
2023-03-25,5139,0,Lluvioso,0,253,Bajo
2023-03-26,6732,1,Soleado,0,230,Bajo
2023-03-27,5196,0,Soleado,0,248,Alto
2023-03-28,6183,0,Soleado,0,227,Bajo
2023-03-29,6208,0,Nublado,1,224,Medio
2023-03-30,5236,0,Soleado,0,248,Bajo
2023-03-31,6772,0,Soleado,0,199,Bajo
2023-04-01,6071,0,Soleado,0,198,Medio
2023-04-02,5878,0,Nublado,0,220,Alto
2023-04-03,5116,0,Soleado,0,216,Bajo
2023-04-04,5471,0,Soleado,0,255,Bajo
2023-04-05,5808,0,Nublado,0,221,Bajo
2023-04-06,6894,0,Soleado,0,244,Bajo
2023-04-07,5490,0,Nublado,1,227,Bajo
2023-04-08,5692,0,Soleado,0,241,Medio
2023-04-09,6119,1,Nublado,1,258,Bajo
2023-04-10,5101,0,Nublado,0,222,Bajo
2023-04-11,6745,1,Soleado,0,209,Medio
2023-04-12,5027,0,Nublado,0,238,Bajo
2023-04-13,6371,0,Soleado,0,231,Bajo
2023-04-14,5426,0,Lluvioso,0,213,Alto
2023-04-15,6383,0,Soleado,0,216,Bajo
2023-04-16,6675,0,Nublado,0,211,Medio
2023-04-17,6222,0,Soleado,1,241,Bajo
2023-04-18,5465,0,Lluvioso,0,242,Bajo
2023-04-19,5723,0,Soleado,0,250,Bajo
2023-04-20,5738,0,Lluvioso,0,233,Bajo
2023-04-21,5152,1,Lluvioso,0,231,Bajo
2023-04-22,6912,0,Soleado,0,209,Bajo
2023-04-23,5439,0,Nublado,0,237,Alto
2023-04-24,5168,0,Lluvioso,0,226,Medio
2023-04-25,6734,0,Soleado,0,212,Bajo
2023-04-26,5891,0,Soleado,0,193,Medio
2023-04-27,5603,0,Soleado,0,231,Alto
2023-04-28,6999,1,Soleado,0,241,Medio
2023-04-29,6003,0,Soleado,0,241,Bajo
2023-04-30,5618,0,Soleado,1,215,Alto
2023-05-01,5662,1,Soleado,0,223,Bajo
2023-05-02,6350,1,Soleado,0,193,Bajo
2023-05-03,6716,0,Soleado,0,254,Medio
2023-05-04,6322,1,Nublado,0,212,Alto
2023-05-05,5774,0,Nublado,1,205,Alto
2023-05-06,7071,1,Soleado,0,193,Alto
2023-05-07,6666,0,Nublado,0,215,Bajo
2023-05-08,6796,0,Nublado,1,245,Alto
2023-05-09,6010,0,Lluvioso,0,218,Bajo
2023-05-10,5275,0,Soleado,0,185,Bajo
2023-05-11,5780,0,Soleado,1,245,Medio
2023-05-12,5839,0,Lluvioso,0,223,Bajo
2023-05-13,5345,0,Lluvioso,1,247,Medio
2023-05-14,6287,0,Nublado,0,224,Bajo
2023-05-15,5949,0,Nublado,1,213,Alto
2023-05-16,6867,0,Soleado,0,241,Bajo
2023-05-17,6126,0,Soleado,1,231,Bajo
2023-05-18,5533,0,Soleado,0,218,Alto
2023-05-19,6571,1,Soleado,0,192,Bajo
2023-05-20,6355,0,Nublado,0,236,Medio
2023-05-21,6177,0,Soleado,0,217,Medio
2023-05-22,5401,0,Soleado,0,222,Medio
2023-05-23,5089,0,Lluvioso,0,206,Medio
2023-05-24,5506,0,Soleado,0,185,Bajo
2023-05-25,6277,0,Lluvioso,0,200,Alto
2023-05-26,6172,1,Lluvioso,0,238,Bajo
2023-05-27,5375,0,Soleado,1,211,Bajo
2023-05-28,5981,0,Soleado,0,262,Bajo
2023-05-29,6113,0,Soleado,0,215,Medio
2023-05-30,6878,1,Soleado,0,182,Medio
2023-05-31,5141,0,Soleado,0,218,Alto
2023-06-01,6415,0,Soleado,0,197,Medio
2023-06-02,6091,0,Lluvioso,0,222,Medio
2023-06-03,6315,0,Soleado,0,231,Alto
2023-06-04,6433,0,Nublado,0,239,Bajo
2023-06-05,5777,0,Soleado,0,254,Medio
2023-06-06,5688,1,Soleado,0,243,Medio
2023-06-07,5091,0,Lluvioso,0,208,Bajo
2023-06-08,6197,0,Soleado,0,187,Alto
2023-06-09,5208,0,Soleado,0,221,Bajo
2023-06-10,6264,0,Nublado,0,233,Medio
2023-06-11,5480,0,Nublado,0,219,Medio
2023-06-12,6192,0,Nublado,0,242,Alto
2023-06-13,5322,0,Soleado,0,221,Alto
2023-06-14,5648,0,Soleado,0,245,Medio
2023-06-15,6666,0,Lluvioso,0,202,Medio
2023-06-16,6016,0,Lluvioso,0,261,Bajo
2023-06-17,6519,1,Soleado,0,227,Bajo
2023-06-18,5104,0,Nublado,1,234,Alto
2023-06-19,6918,0,Soleado,0,245,Alto
2023-06-20,6809,0,Soleado,0,223,Alto
2023-06-21,5533,0,Soleado,1,206,Bajo
2023-06-22,6597,1,Soleado,0,207,Alto
2023-06-23,5365,0,Soleado,0,202,Alto
2023-06-24,5754,0,Soleado,0,213,Bajo
2023-06-25,6332,0,Soleado,0,214,Medio
2023-06-26,6546,0,Nublado,0,214,Medio
2023-06-27,6214,0,Nublado,0,196,Medio
2023-06-28,5772,0,Nublado,0,212,Alto
2023-06-29,5522,1,Lluvioso,0,227,Bajo
2023-06-30,6941,1,Soleado,0,206,Medio
2023-07-01,5748,0,Soleado,0,253,Medio
2023-07-02,6751,0,Nublado,0,199,Bajo
2023-07-03,6725,1,Soleado,0,227,Alto
2023-07-04,5752,0,Soleado,0,203,Medio
2023-07-05,5530,0,Soleado,0,192,Bajo
2023-07-06,5736,0,Nublado,1,212,Bajo
2023-07-07,5226,1,Soleado,0,211,Bajo
2023-07-08,5693,1,Nublado,0,220,Medio
2023-07-09,5978,0,Soleado,0,197,Alto
2023-07-10,6949,0,Nublado,0,200,Bajo
2023-07-11,6050,0,Nublado,0,184,Bajo
2023-07-12,6993,0,Nublado,0,213,Bajo
2023-07-13,6581,0,Soleado,0,234,Medio
2023-07-14,5849,0,Soleado,0,217,Alto
2023-07-15,6441,0,Nublado,1,209,Medio
2023-07-16,5037,1,Soleado,0,206,Medio
2023-07-17,6030,0,Soleado,0,235,Medio
2023-07-18,6214,0,Soleado,1,216,Bajo
2023-07-19,5694,0,Lluvioso,0,215,Medio
2023-07-20,6366,0,Soleado,0,240,Medio
2023-07-21,6276,0,Nublado,0,216,Medio
2023-07-22,5322,1,Soleado,0,267,Alto
2023-07-23,6325,1,Soleado,0,249,Medio
2023-07-24,5138,0,Nublado,0,222,Medio
2023-07-25,5563,0,Soleado,0,238,Alto
2023-07-26,6332,1,Soleado,0,202,Alto
2023-07-27,6795,0,Nublado,0,230,Medio
2023-07-28,5589,0,Nublado,0,238,Bajo
2023-07-29,5878,0,Soleado,0,215,Bajo
2023-07-30,6273,1,Nublado,0,203,Medio
2023-07-31,6306,0,Nublado,1,223,Bajo
2023-08-01,6768,0,Nublado,0,237,Bajo
2023-08-02,6364,1,Soleado,0,229,Bajo
2023-08-03,6541,0,Soleado,0,216,Medio
2023-08-04,6559,0,Lluvioso,0,247,Medio
2023-08-05,5034,0,Nublado,0,229,Bajo
2023-08-06,5769,1,Soleado,0,205,Bajo
2023-08-07,6202,0,Soleado,0,215,Medio
2023-08-08,5713,1,Soleado,0,253,Bajo
2023-08-09,6519,0,Soleado,0,242,Bajo
2023-08-10,6479,0,Soleado,0,264,Medio
2023-08-11,5208,1,Soleado,0,249,Medio
2023-08-12,6230,0,Nublado,0,254,Bajo
2023-08-13,6965,0,Soleado,0,227,Medio
2023-08-14,6284,0,Nublado,0,235,Bajo
2023-08-15,6314,0,Soleado,0,243,Medio
2023-08-16,5270,0,Soleado,0,242,Bajo
2023-08-17,6121,0,Soleado,1,256,Bajo
2023-08-18,5499,0,Soleado,0,219,Medio
2023-08-19,5253,1,Nublado,0,216,Medio
2023-08-20,5114,0,Nublado,0,216,Bajo
2023-08-21,6403,1,Soleado,0,217,Bajo
2023-08-22,6893,0,Soleado,0,258,Alto
2023-08-23,6402,0,Soleado,0,224,Medio
2023-08-24,6069,0,Nublado,0,224,Bajo
2023-08-25,6014,0,Nublado,0,242,Medio
2023-08-26,5524,0,Soleado,0,230,Bajo
2023-08-27,6566,0,Nublado,1,209,Medio
2023-08-28,6065,1,Nublado,0,245,Bajo
2023-08-29,6830,1,Soleado,0,193,Bajo
2023-08-30,5053,0,Soleado,0,230,Bajo
2023-08-31,6158,1,Lluvioso,0,208,Bajo
2023-09-01,5635,0,Nublado,0,221,Bajo
2023-09-02,5592,0,Soleado,0,230,Bajo
2023-09-03,5252,1,Soleado,0,267,Bajo
2023-09-04,5797,0,Soleado,0,193,Bajo
2023-09-05,5678,0,Soleado,0,185,Medio
2023-09-06,5421,0,Nublado,0,174,Bajo
2023-09-07,6011,0,Soleado,0,207,Medio
2023-09-08,5343,0,Nublado,0,257,Bajo
2023-09-09,5065,0,Nublado,0,225,Bajo
2023-09-10,5202,1,Soleado,0,245,Medio
2023-09-11,6410,0,Soleado,0,214,Alto
2023-09-12,5556,0,Soleado,0,240,Bajo
2023-09-13,5679,0,Nublado,0,198,Bajo
2023-09-14,5653,0,Soleado,0,246,Medio
2023-09-15,6742,0,Nublado,0,243,Alto
2023-09-16,6370,0,Nublado,1,249,Alto
2023-09-17,6069,1,Soleado,0,191,Bajo
2023-09-18,6343,1,Lluvioso,0,242,Bajo
2023-09-19,6325,1,Lluvioso,0,226,Medio
2023-09-20,5100,1,Soleado,0,253,Medio
2023-09-21,6975,0,Soleado,0,264,Medio
2023-09-22,5646,1,Lluvioso,0,212,Alto
2023-09-23,6258,0,Lluvioso,0,239,Medio
2023-09-24,5407,0,Soleado,0,238,Bajo
2023-09-25,5854,0,Soleado,1,211,Bajo
2023-09-26,5986,0,Soleado,0,214,Medio
2023-09-27,5936,0,Lluvioso,0,247,Bajo
2023-09-28,6325,1,Soleado,0,227,Bajo
2023-09-29,5575,0,Soleado,0,193,Bajo
2023-09-30,6925,0,Nublado,0,233,Bajo
2023-10-01,6662,0,Soleado,1,209,Bajo
2023-10-02,5510,0,Nublado,0,214,Alto
2023-10-03,6034,0,Soleado,1,235,Bajo
2023-10-04,5571,0,Nublado,0,193,Medio
2023-10-05,5590,0,Soleado,1,212,Bajo
2023-10-06,6532,0,Nublado,0,227,Bajo
2023-10-07,6450,0,Nublado,0,240,Alto
2023-10-08,6093,0,Soleado,0,237,Alto
2023-10-09,5659,0,Soleado,0,212,Bajo
2023-10-10,6568,0,Soleado,0,232,Medio
2023-10-11,6862,0,Soleado,0,216,Bajo
2023-10-12,5284,0,Nublado,0,248,Alto
2023-10-13,5059,0,Nublado,0,209,Bajo
2023-10-14,6389,0,Soleado,1,216,Bajo
2023-10-15,5386,0,Nublado,1,194,Medio
2023-10-16,6207,0,Nublado,0,242,Alto
2023-10-17,5481,0,Nublado,0,227,Bajo
2023-10-18,5651,0,Soleado,0,230,Medio
2023-10-19,6888,1,Soleado,0,244,Bajo
2023-10-20,6631,1,Soleado,0,224,Alto
2023-10-21,5936,0,Soleado,0,240,Bajo
2023-10-22,5798,0,Soleado,0,239,Alto
2023-10-23,6835,0,Soleado,0,197,Bajo
2023-10-24,5822,1,Soleado,0,216,Bajo
2023-10-25,6682,1,Nublado,0,259,Alto
2023-10-26,5745,0,Soleado,0,260,Alto
2023-10-27,5751,1,Soleado,0,219,Medio
2023-10-28,5569,0,Soleado,0,198,Bajo
2023-10-29,5935,0,Soleado,0,244,Medio
2023-10-30,6386,0,Soleado,0,244,Medio
2023-10-31,5871,0,Soleado,0,238,Medio
2023-11-01,5119,1,Soleado,0,250,Medio
2023-11-02,6164,0,Soleado,0,224,Bajo
2023-11-03,5129,0,Soleado,0,236,Medio
2023-11-04,6116,1,Soleado,0,229,Medio
2023-11-05,6192,1,Nublado,0,198,Bajo
2023-11-06,5890,0,Soleado,0,219,Medio
2023-11-07,5225,0,Soleado,0,224,Medio
2023-11-08,5117,0,Soleado,1,199,Medio
2023-11-09,5598,0,Soleado,0,215,Bajo
2023-11-10,6017,1,Soleado,0,216,Medio
2023-11-11,6140,1,Soleado,0,233,Bajo
2023-11-12,5365,0,Nublado,0,212,Medio
2023-11-13,5844,0,Soleado,0,218,Medio
2023-11-14,5824,0,Soleado,0,222,Medio
2023-11-15,5426,1,Nublado,0,234,Bajo
2023-11-16,5669,0,Lluvioso,0,240,Medio
2023-11-17,5396,0,Soleado,0,194,Alto
2023-11-18,6284,0,Soleado,0,235,Bajo
2023-11-19,6452,0,Soleado,0,243,Alto
2023-11-20,6429,0,Soleado,0,235,Medio
2023-11-21,5978,0,Soleado,0,235,Medio
2023-11-22,5787,1,Soleado,0,209,Bajo
2023-11-23,5914,1,Nublado,0,200,Bajo
2023-11-24,6086,0,Soleado,0,199,Alto
2023-11-25,5592,0,Soleado,0,244,Bajo
2023-11-26,6742,0,Soleado,0,200,Bajo
2023-11-27,6732,0,Nublado,0,207,Medio
2023-11-28,5725,0,Soleado,0,198,Bajo
2023-11-29,6368,1,Nublado,0,201,Medio
2023-11-30,5703,0,Soleado,0,208,Medio
2023-12-01,6564,0,Soleado,0,229,Alto
2023-12-02,5506,1,Soleado,0,242,Medio
2023-12-03,5197,1,Soleado,0,239,Bajo
2023-12-04,6193,0,Soleado,0,238,Bajo
2023-12-05,6071,0,Soleado,0,266,Medio
2023-12-06,5828,0,Soleado,0,243,Bajo
2023-12-07,5414,0,Nublado,0,250,Alto
2023-12-08,5782,0,Soleado,0,224,Medio
2023-12-09,5542,0,Soleado,0,200,Bajo
2023-12-10,5302,1,Soleado,0,232,Alto
2023-12-11,6545,0,Nublado,0,225,Bajo
2023-12-12,5716,0,Lluvioso,0,236,Bajo
2023-12-13,6409,0,Soleado,0,248,Medio
2023-12-14,6804,0,Soleado,0,226,Alto
2023-12-15,5990,1,Soleado,0,200,Medio
2023-12-16,5810,0,Lluvioso,0,225,Bajo
2023-12-17,6886,0,Nublado,0,234,Bajo
2023-12-18,5337,0,Soleado,0,276,Bajo
2023-12-19,6342,0,Soleado,0,216,Bajo
2023-12-20,5345,0,Soleado,0,234,Bajo
2023-12-21,5698,0,Soleado,0,202,Medio
2023-12-22,6162,0,Nublado,0,250,Alto
2023-12-23,5129,0,Soleado,1,230,Bajo
2023-12-24,5811,0,Soleado,0,267,Bajo
2023-12-25,5175,1,Nublado,0,268,Alto
2023-12-26,5969,1,Nublado,0,201,Medio
2023-12-27,6189,0,Soleado,0,237,Alto
2023-12-28,5366,0,Nublado,0,225,Bajo
2023-12-29,6397,0,Soleado,0,237,Bajo
2023-12-30,6350,0,Nublado,0,233,Medio
